,Date,Fuel_Price
0,2011-01-03,2.584084967320261
1,2011-01-04,2.6370037082818194
2,2011-01-05,2.6066649681528617
3,2011-01-06,2.669765957446809
4,2011-01-10,2.6149464285714275
5,2011-01-11,2.659224193548388
6,2011-01-12,2.614658682634733
7,2011-01-13,2.5131126126126144
8,2011-01-17,2.6434442307692336
9,2011-01-18,2.6066388443017723
10,2011-01-19,2.6559814385150857
11,2011-01-20,2.603063926940641
12,2011-01-24,2.683245901639347
13,2011-01-25,2.6571383737517875
14,2011-01-26,2.588939485627832
15,2011-01-27,2.5501857923497293
16,2011-01-31,2.66919254658385
17,2011-02-01,2.63638492063492
18,2011-02-02,2.5836283783783727
19,2011-02-03,2.68101923076923
20,2011-02-07,2.5972513513513587
21,2011-02-08,2.6122054794520553
22,2011-02-09,2.6456688741721845
23,2011-02-10,2.680000000000004
24,2011-02-14,2.6782040816326576
25,2011-02-15,2.6508260105448134
26,2011-02-16,2.625628526645778
27,2011-02-17,2.561363636363639
28,2011-02-21,2.6583767019667177
29,2011-02-22,2.676765432098758
30,2011-02-23,2.6001877729257643
31,2011-02-24,2.552206896551725
32,2011-03-01,2.6825247971145196
33,2011-03-02,2.5999160958904057
34,2011-03-03,2.6781165048543683
35,2011-03-07,2.6034746835443108
36,2011-03-08,2.5471129032258064
37,2011-03-09,2.7042008879023243
38,2011-03-10,2.7130287610619472
39,2011-03-11,2.779
40,2011-03-14,2.6933424947145848
41,2011-03-15,2.6853329341317322
42,2011-03-16,2.706302030456855
43,2011-03-17,2.601898876404492
44,2011-03-21,2.719828368794313
45,2011-03-22,2.784439688715953
46,2011-03-23,2.5947395833333293
47,2011-03-28,2.717896969696965
48,2011-03-29,2.7228785377358466
49,2011-03-30,2.7437204301075306
50,2011-03-31,2.68240350877193
51,2011-04-04,2.864960000000001
52,2011-04-05,2.7662700729927034
53,2011-04-06,2.8084173387096794
54,2011-04-07,2.772703448275865
55,2011-04-11,2.815913279132789
56,2011-04-12,2.776967105263158
57,2011-04-13,2.8198171912832963
58,2011-04-14,2.898478260869564
59,2011-04-18,2.8284427609427514
60,2011-04-19,2.8113572895277152
61,2011-04-20,2.8729981549815546
62,2011-04-21,2.7563373493975893
63,2011-04-25,2.8384727272727184
64,2011-04-26,2.8504287581699357
65,2011-04-27,2.919423503325941
66,2011-04-28,2.962415492957748
67,2011-05-02,2.8801895604395575
68,2011-05-03,2.886523017902808
69,2011-05-04,2.880307832422587
70,2011-05-05,3.003270833333332
71,2011-05-09,2.8992647058823504
72,2011-05-10,2.9010935622317366
73,2011-05-11,2.8276776315789345
74,2011-05-12,2.974
75,2011-05-16,2.8228626943005204
76,2011-05-17,2.8500588235294093
77,2011-05-18,2.789064697608993
78,2011-05-19,2.6610666666666662
79,2011-05-23,2.8242307692307658
80,2011-05-24,2.7631626506024074
81,2011-05-25,2.777592592592583
82,2011-05-26,2.921243902439024
83,2011-05-30,2.7880812182741073
84,2011-05-31,2.7427287735849144
85,2011-06-01,2.732883847549907
86,2011-06-06,2.739316384180789
87,2011-06-07,2.735583430571768
88,2011-06-08,2.7007477477477475
89,2011-06-09,2.776269662921349
90,2011-06-13,2.7190335051546377
91,2011-06-14,2.6510732673267343
92,2011-06-15,2.728639705882351
93,2011-06-16,2.7977058823529406
94,2011-06-20,2.692552238805979
95,2011-06-21,2.6845253399258353
96,2011-06-22,2.7569308943089434
97,2011-06-27,2.71108536585367
98,2011-06-28,2.7176118047673077
99,2011-06-29,2.680528023598823
100,2011-07-04,2.716046357615896
101,2011-07-05,2.722750712250717
102,2011-07-06,2.6754142194744963
103,2011-07-07,2.740519163763061
104,2011-07-11,2.73149146757681
105,2011-07-12,2.6865322580645117
106,2011-07-13,2.6600032520325114
107,2011-07-14,2.8355098039215703
108,2011-07-18,2.700632075471693
109,2011-07-19,2.7342217036172674
110,2011-07-20,2.6760077972709455
111,2011-07-25,2.660526845637578
112,2011-07-26,2.7357288961038924
113,2011-07-27,2.737845070422538
114,2011-07-28,2.8481707317073184
115,2011-08-01,2.6379943502824883
116,2011-08-02,2.7081842105263148
117,2011-08-03,2.726795604395602
118,2011-08-04,3.0202
119,2011-08-08,2.6792050209205005
120,2011-08-09,2.7430112254443326
121,2011-08-10,2.6358525073746324
122,2011-08-11,2.7200533333333325
123,2011-08-15,2.659551181102364
124,2011-08-16,2.6901978417266177
125,2011-08-17,2.7510572082379863
126,2011-08-18,2.7454141414141358
127,2011-08-22,2.6887517123287656
128,2011-08-23,2.7234656019656027
129,2011-08-24,2.74304314720812
130,2011-08-25,2.8983333333333334
131,2011-08-29,2.7407881773399
132,2011-08-30,2.6670016949152555
133,2011-08-31,2.7558128249566756
134,2011-09-01,2.7829414414414404
135,2011-09-05,2.7220175438596446
136,2011-09-06,2.704603475513433
137,2011-09-07,2.69
138,2011-09-08,2.7540927835051594
139,2011-09-09,2.859666666666667
140,2011-09-12,2.662690909090909
141,2011-09-13,2.70100366300366
142,2011-09-14,2.745102015113353
143,2011-09-15,2.7766502890173412
144,2011-09-19,2.7191969696969704
145,2011-09-20,2.723165125495375
146,2011-09-21,2.746706647398851
147,2011-09-22,2.657428571428571
148,2011-09-26,2.6771211538461532
149,2011-09-27,2.7416112359550584
150,2011-09-28,2.7356943346508524
151,2011-09-29,2.7772318840579713
152,2011-10-03,2.7140093240093237
153,2011-10-04,2.7440735294117573
154,2011-10-05,2.7561440768409766
155,2011-10-06,2.8681
156,2011-10-10,2.6955200000000015
157,2011-10-11,2.7435657620041694
158,2011-10-12,2.6608684210526308
159,2011-10-13,2.772866972477067
160,2011-10-14,2.4282799999999995
161,2011-10-17,2.7979782082324425
162,2011-10-18,2.693016784452297
163,2011-10-19,2.7851016260162624
164,2011-10-20,2.8089999999999997
165,2011-10-24,2.7428661616161554
166,2011-10-25,2.707581881533098
167,2011-10-26,2.7352104072398173
168,2011-10-27,2.715530612244901
169,2011-10-31,2.7507807775378015
170,2011-11-01,2.683760290556896
171,2011-11-02,2.4617500000000003
172,2011-11-03,2.8140606060606066
173,2011-11-04,2.93
174,2011-11-07,2.7228810483870927
175,2011-11-08,2.740101694915252
176,2011-11-09,2.7333627608346784
177,2011-11-10,2.696949999999999
178,2011-11-14,2.7340036363636337
179,2011-11-15,2.6922715447154473
180,2011-11-16,2.7193550600343075
181,2011-11-17,2.815891304347826
182,2011-11-21,2.6613838383838404
183,2011-11-22,2.739109683794466
184,2011-11-23,2.7424270986745265
185,2011-11-24,2.92
186,2011-11-28,2.71268623481781
187,2011-11-29,2.738626168224306
188,2011-11-30,2.744173819742487
189,2011-12-01,2.798788235294118
190,2011-12-05,2.742934065934058
191,2011-12-06,2.7036424778761123
192,2011-12-07,2.728787276341947
193,2011-12-08,2.896634408602152
194,2011-12-12,2.7392533632287015
195,2011-12-13,2.7479492455418426
196,2011-12-14,2.7199436392914627
197,2011-12-15,2.89
198,2011-12-19,2.738775193798449
199,2011-12-20,2.714097838452789
200,2011-12-21,2.7853678160919553
201,2011-12-22,2.6456231343283623
202,2011-12-26,2.748159557661924
203,2011-12-27,2.7131384335154847
204,2011-12-28,2.7442792642140468
205,2011-12-29,2.814
206,2012-01-02,2.7369210526315775
207,2012-01-03,2.7129636803874106
208,2012-01-04,2.7408834080717503
209,2012-01-05,2.7895668202764994
210,2012-01-09,2.7817790697674396
211,2012-01-10,2.71823636363637
212,2012-01-11,2.7043974820143886
213,2012-01-12,3.023285714285714
214,2012-01-16,2.712333333333335
215,2012-01-17,2.6990000000000056
216,2012-01-18,2.7564472843450463
217,2012-01-19,2.6470985915492973
218,2012-01-23,2.6420248226950416
219,2012-01-24,2.734144155844168
220,2012-01-25,2.723625272331159
221,2012-01-26,2.7138591549295796
222,2012-01-27,2.829333333333333
223,2012-01-30,2.780223735408562
224,2012-01-31,2.6806892052194624
225,2012-02-01,2.748379391100702
226,2012-02-02,2.5511538461538468
227,2012-02-06,2.5452
228,2012-02-07,2.708187200000004
229,2012-02-08,2.7217037037037044
230,2012-02-09,3.0712608695652164
231,2012-02-13,2.6392919254658387
232,2012-02-14,2.699967284623777
233,2012-02-15,2.744234146341473
234,2012-02-16,2.7019326923076923
235,2012-02-20,2.7105425531914866
236,2012-02-21,2.590067567567567
237,2012-02-22,2.7045443886097305
238,2012-02-23,2.761095599393021
239,2012-02-24,2.6120235294117635
240,2012-02-27,2.6704517543859634
241,2012-02-28,2.683823204419883
242,2012-02-29,2.7517421981004047
243,2012-03-01,2.746728813559321
244,2012-03-02,2.649
245,2012-03-05,2.632466666666666
246,2012-03-06,2.681466439135391
247,2012-03-07,2.757966183574873
248,2012-03-08,2.962981818181818
249,2012-03-12,2.709416216216215
250,2012-03-13,2.712600414078676
251,2012-03-14,2.7359424724602213
252,2012-03-15,2.761206349206351
253,2012-03-19,2.7613846153846127
254,2012-03-20,2.698573604060908
255,2012-03-21,2.727969957081546
256,2012-03-22,2.8798749999999997
257,2012-03-26,2.658960264900662
258,2012-03-27,2.732561893203886
259,2012-03-28,2.7144454713493613
260,2012-03-29,2.7765124555160177
261,2012-04-02,2.761500000000001
262,2012-04-03,2.691444444444452
263,2012-04-04,2.7042285298398827
264,2012-04-05,3.0590434782608704
265,2012-04-09,2.683621951219509
266,2012-04-10,2.722021134593997
267,2012-04-11,2.742543859649122
268,2012-04-12,2.7230102564102587
269,2012-04-16,2.68461632653061
270,2012-04-17,2.737923177083342
271,2012-04-18,2.704333333333329
272,2012-04-19,2.8876578947368423
273,2012-04-23,2.620428571428572
274,2012-04-24,2.703231106243162
275,2012-04-25,2.763167605633815
276,2012-04-26,2.6485833333333333
277,2012-04-30,2.66575319148936
278,2012-05-01,2.7658421052631583
279,2012-05-02,2.7355272887323943
280,2012-05-03,2.701498293515365
281,2012-05-04,2.613206185567012
282,2012-05-07,2.7120369515011546
283,2012-05-08,2.732441631504927
284,2012-05-09,2.685332000000003
285,2012-05-10,2.6949666666666654
286,2012-05-14,2.727333333333334
287,2012-05-15,2.6866181229773423
288,2012-05-16,2.7522549342105296
289,2012-05-17,2.821087499999999
290,2012-05-21,2.699305676855894
291,2012-05-22,2.715184647302909
292,2012-05-23,2.725056224899602
293,2012-05-24,2.7165519287833853
294,2012-05-28,2.660453237410073
295,2012-05-29,2.7397858910891126
296,2012-05-30,2.6991876790831
297,2012-05-31,2.7662176870748296
298,2012-06-04,2.6672786885245916
299,2012-06-05,2.7186444672131267
300,2012-06-06,2.715585526315792
301,2012-06-11,2.7148394415357804
302,2012-06-12,2.7052269841269876
303,2012-06-13,2.7299519230769285
304,2012-06-14,2.8386571428571448
305,2012-06-18,2.596707446808512
306,2012-06-19,2.702456873315368
307,2012-06-20,2.755717798594859
308,2012-06-21,2.6986363636363637
309,2012-06-25,2.6735070422535228
310,2012-06-26,2.7348641456582725
311,2012-06-27,2.686625258799175
312,2012-06-28,2.853590909090909
313,2012-07-02,2.712830882352942
314,2012-07-03,2.7320277136258646
315,2012-07-04,2.707243460764593
316,2012-07-05,2.636082969432316
317,2012-07-09,2.6796489361702154
318,2012-07-10,2.667045383411582
319,2012-07-11,2.726957994579958
320,2012-07-12,2.720452914798208
321,2012-07-13,2.5492
322,2012-07-16,2.7047767857142864
323,2012-07-17,2.697065368567464
324,2012-07-18,2.7105308056872137
325,2012-07-19,2.7446298507462674
326,2012-07-23,2.683213114754103
327,2012-07-24,2.718037190082646
328,2012-07-25,2.7046493092454873
329,2012-07-26,2.842765624999998
330,2012-07-30,2.6721502890173428
331,2012-07-31,2.698431181486
332,2012-08-01,2.687130052724081
333,2012-08-02,2.721077586206894
334,2012-08-06,2.661328125000001
335,2012-08-07,2.700412921348315
336,2012-08-08,2.720572493786248
337,2012-08-09,2.5718862275449115
338,2012-08-13,2.738195467422093
339,2012-08-14,2.650550802139039
340,2012-08-15,2.7144861294584004
341,2012-08-16,2.718923076923077
342,2012-08-20,2.7143305785124023
343,2012-08-21,2.705309523809525
344,2012-08-22,2.6791903743315477
345,2012-08-23,2.7076140350877185
346,2012-08-27,2.666102739726029
347,2012-08-28,2.6648915470494545
348,2012-08-29,2.712895561357703
349,2012-08-30,2.728482071713148
350,2012-09-03,2.6696849315068487
351,2012-09-04,2.6443502824858762
352,2012-09-05,2.7355364464692533
353,2012-09-06,2.6708050000000014
354,2012-09-10,2.6744068627450988
355,2012-09-11,2.722460992907801
356,2012-09-12,2.700639904610489
357,2012-09-13,2.6215706806282717
358,2012-09-17,2.684464566929135
359,2012-09-18,2.6954074074074064
360,2012-09-19,2.6969030612244977
361,2012-09-20,2.9582580645161283
362,2012-09-24,2.6612283950617304
363,2012-09-25,2.722592445328032
364,2012-09-26,2.7083310276679846
365,2012-09-27,2.654426086956523
366,2012-10-01,2.6764911504424793
367,2012-10-02,2.662221485411144
368,2012-10-03,2.729067796610182
369,2012-10-04,2.5533571428571427
370,2012-10-08,2.721773972602736
371,2012-10-09,2.675663580246913
372,2012-10-10,2.7008618143459966
373,2012-10-11,2.7818491379310375
374,2012-10-15,2.718291666666661
375,2012-10-16,2.6766469194312754
376,2012-10-17,2.743627771295224
377,2012-10-18,2.697018518518518
378,2012-10-22,2.692320512820513
379,2012-10-23,2.671034802784221
380,2012-10-24,2.7153938753959954
381,2012-10-25,2.7992835820895463
382,2012-10-29,2.6599423076923077
383,2012-10-30,2.7325165484633667
384,2012-10-31,2.7078045007032436
385,2012-11-01,2.7856684782608703
386,2012-11-05,2.709338815789465
387,2012-11-06,2.745509999999998
388,2012-11-07,2.773400264200792
389,2012-11-08,2.724286252354052
390,2012-11-12,2.7493846153846144
391,2012-11-13,2.7210232907588296
392,2012-11-14,2.786609004739343
393,2012-11-19,2.6517282608695685
394,2012-11-20,2.71458655804481
395,2012-11-21,2.7645056461731445
396,2012-11-22,2.7562760290556927
397,2012-11-26,2.708272222222223
398,2012-11-27,2.7540925110132117
399,2012-11-28,2.764648128342245
400,2012-11-29,2.6437387387387385
401,2012-12-03,2.7336516853932573
402,2012-12-04,2.7249376391982225
403,2012-12-05,2.7285818639798567
404,2012-12-06,2.814477211796246
405,2012-12-10,2.7218246268656667
406,2012-12-11,2.7658206278026887
407,2012-12-12,2.7369802143445985
408,2012-12-13,2.790466666666668
409,2012-12-17,2.7322841530054625
410,2012-12-18,2.7154343220338997
411,2012-12-19,2.7676790450928386
412,2012-12-20,2.6390000000000002
413,2012-12-24,2.713942528735627
414,2012-12-26,2.7525442176870767
415,2012-12-27,2.757761904761905
416,2012-12-31,2.7209875776397503
417,2013-01-02,2.7672082912032363
418,2013-01-03,2.76517857142857
419,2013-01-04,2.6126022727272726
420,2013-01-07,2.776050104384134
421,2013-01-08,2.7599570312499995
422,2013-01-09,2.7494051813471545
423,2013-01-10,2.7609263157894732
424,2013-01-14,2.7009478021977964
425,2013-01-15,2.7501151079136723
426,2013-01-16,2.7517220077220075
427,2013-01-17,2.8243670886075956
428,2013-01-21,2.765233830845771
429,2013-01-22,2.7377641681901266
430,2013-01-23,2.763216684723732
431,2013-01-24,2.7894098360655764
432,2013-01-28,2.718237410071945
433,2013-01-29,2.7602868632707818
434,2013-01-30,2.7977767969735203
435,2013-01-31,2.6424273504273517
436,2013-02-04,2.771177304964539
437,2013-02-05,2.8424983240223414
438,2013-02-06,2.8914927536231794
439,2013-02-07,2.9574117647058875
440,2013-02-11,2.858582608695652
441,2013-02-12,2.8871505376344087
442,2013-02-13,2.9110098231826917
443,2013-02-14,2.837198347107439
444,2013-02-15,2.767048192771086
445,2013-02-18,2.7958502994011973
446,2013-02-19,2.9048854166666693
447,2013-02-20,2.881945399393312
448,2013-02-21,2.8697777777777818
449,2013-02-25,2.83550469483568
450,2013-02-26,2.9009534883720947
451,2013-02-27,2.896940949935802
452,2013-02-28,2.896736363636365
453,2013-03-04,2.8736541666666673
454,2013-03-05,2.8577499999999945
455,2013-03-06,2.885455188679238
456,2013-03-07,2.9047882352941197
457,2013-03-11,2.834140625000001
458,2013-03-12,2.909457920792079
459,2013-03-13,2.891830166270771
460,2013-03-14,2.8541444759206795
461,2013-03-18,2.859378151260504
462,2013-03-19,2.841258771929815
463,2013-03-20,2.890608652900676
464,2013-03-21,2.8677294117647056
465,2013-03-25,2.8447751196172244
466,2013-03-26,2.842571428571428
467,2013-03-27,2.855523664122123
468,2013-03-28,2.9490000000000016
469,2013-04-01,2.814755102040815
470,2013-04-02,2.869490079365079
471,2013-04-03,2.868611111111104
472,2013-04-04,2.888538116591926
473,2013-04-08,2.837833333333332
474,2013-04-09,2.8766075949367096
475,2013-04-10,2.860211872146109
476,2013-04-11,2.878865497076026
477,2013-04-15,2.8286991869918685
478,2013-04-16,2.8609364675984663
479,2013-04-17,2.86184456671251
480,2013-04-18,3.0821764705882346
481,2013-04-22,2.7950642857142824
482,2013-04-23,2.9027293233082667
483,2013-04-24,2.8425033175355368
484,2013-04-25,3.003137566137566
485,2013-04-29,2.840164591977866
486,2013-04-30,2.909542105263159
487,2013-05-01,2.844145748987852
488,2013-05-02,2.8325306122448892
489,2013-05-03,2.7845
490,2013-05-06,2.843909090909089
491,2013-05-07,2.851379530916839
492,2013-05-08,2.847745305164315
493,2013-05-09,2.8779461538461515
494,2013-05-13,2.834646586345382
495,2013-05-14,2.8349491978609613
496,2013-05-15,2.8500496323529356
497,2013-05-16,2.9760624999999985
498,2013-05-20,2.8591120689655174
499,2013-05-21,2.8643891472868206
500,2013-05-22,2.8224926884139454
501,2013-05-23,2.788000000000004
502,2013-05-27,2.8158290909090895
503,2013-05-28,2.8374339887640416
504,2013-05-29,2.8313085106382987
505,2013-06-03,2.8161240310077535
506,2013-06-04,2.8113975903614405
507,2013-06-05,2.8484991961414705
508,2013-06-06,2.8302380952380966
509,2013-06-10,2.828270000000001
510,2013-06-11,2.8747022375215074
511,2013-06-12,2.812315789473683
512,2013-06-13,2.8671
513,2013-06-17,2.7874451827242472
514,2013-06-18,2.864348230912473
515,2013-06-19,2.8145647058823515
516,2013-06-20,2.7785999999999995
517,2013-06-24,2.760198067632849
518,2013-06-25,2.8595761316872395
519,2013-06-26,2.801369623655912
520,2013-06-27,2.8543125
521,2013-07-01,2.834576551724143
522,2013-07-02,2.8971414141414127
523,2013-07-03,2.7925859473023835
524,2013-07-04,2.839470588235295
525,2013-07-08,2.75472340425532
526,2013-07-09,2.9570370370370362
527,2013-07-10,2.83367033831627
528,2013-07-11,2.7189547169811306
529,2013-07-12,2.680370370370371
530,2013-07-15,2.7481718750000006
531,2013-07-16,2.8443459357277843
532,2013-07-17,2.8087632432432463
533,2013-07-18,2.8791516587677743
534,2013-07-22,2.733937888198758
535,2013-07-23,2.8862554585152846
536,2013-07-24,2.810780442804423
537,2013-07-25,2.8460689655172433
538,2013-07-29,2.721617142857143
539,2013-07-30,2.8501887159533044
540,2013-07-31,2.8313719582850556
541,2013-08-01,2.8131974789915986
542,2013-08-05,2.8744533333333337
543,2013-08-06,2.7500610328638495
544,2013-08-07,2.8021102439024386
545,2013-08-08,2.7323600000000026
546,2013-08-12,2.8461469594594644
547,2013-08-13,2.896225165562915
548,2013-08-14,2.7871318435754198
549,2013-08-15,2.8150196078431384
550,2013-08-19,2.818410714285716
551,2013-08-20,2.879172818791946
552,2013-08-21,2.8036272630457995
553,2013-08-22,2.8345000000000002
554,2013-08-26,2.7766770186335368
555,2013-08-27,2.910140909090911
556,2013-08-28,2.7967895927601805
557,2013-08-29,2.829188811188814
558,2013-09-02,2.7790946882217082
559,2013-09-03,2.859340000000004
560,2013-09-04,2.8070342541436446
561,2013-09-05,2.870585000000007
562,2013-09-09,2.788014662756602
563,2013-09-10,2.822292553191485
564,2013-09-11,2.825486860304289
565,2013-09-12,2.858126506024099
566,2013-09-16,2.7306442953020142
567,2013-09-17,2.7752329192546563
568,2013-09-18,2.8590595238095218
569,2013-09-19,2.8417887323943636
570,2013-09-23,2.765484276729556
571,2013-09-24,2.837656084656086
572,2013-09-25,2.808594995366072
573,2013-09-26,2.927818181818184
574,2013-09-30,2.765040540540538
575,2013-10-01,2.7649459459459487
576,2013-10-02,2.846049605411499
577,2013-10-03,2.9820315789473666
578,2013-10-07,2.771763097949886
579,2013-10-08,2.755926966292135
580,2013-10-09,2.8135805142083914
581,2013-10-10,2.8714164759725427
582,2013-10-14,2.765658753709198
583,2013-10-15,2.8159115913555985
584,2013-10-16,2.8183410475030386
585,2013-10-17,2.8202283464566937
586,2013-10-21,2.7949636363636348
587,2013-10-22,2.819993031358887
588,2013-10-23,2.800757653061227
589,2013-10-24,2.8679691516709536
590,2013-10-28,2.7377764227642243
591,2013-10-29,2.7331546961325954
592,2013-10-30,2.8604736842105196
593,2013-10-31,2.9182971428571447
594,2013-11-04,2.762946540880502
595,2013-11-05,2.744785714285714
596,2013-11-06,2.9166353677621166
597,2013-11-07,2.909866666666667
598,2013-11-11,2.7159833333333316
599,2013-11-12,2.8349320754716962
600,2013-11-13,2.8709512987012906
601,2013-11-14,2.821082872928177
602,2013-11-18,2.8505183823529427
603,2013-11-19,2.8137663366336603
604,2013-11-20,2.8626437768240374
605,2013-11-21,2.792164383561632
606,2013-11-22,2.819
607,2013-11-25,2.797619937694702
608,2013-11-26,2.8565527123848367
609,2013-11-27,2.841527835051544
610,2013-11-28,2.9088888888888893
611,2013-12-02,2.893647416413378
612,2013-12-03,2.9529386503067494
613,2013-12-04,2.9254366471734663
614,2013-12-05,2.9211927272727314
615,2013-12-09,2.9155786163522035
616,2013-12-10,2.8948644859813086
617,2013-12-11,2.9643329809724985
618,2013-12-12,3.01868932038835
619,2013-12-16,2.8883940149625893
620,2013-12-17,2.8599578454332493
621,2013-12-18,2.965594470046074
622,2013-12-19,3.038592948717951
623,2013-12-23,2.915974554707376
624,2013-12-24,2.970316326530611
625,2013-12-25,2.9808695652173918
626,2013-12-26,2.911891515994426
627,2013-12-27,2.9878373983739865
628,2013-12-30,2.924453629032257
629,2013-12-31,2.935210382513657
630,2014-01-01,2.9760208333333336
631,2014-01-02,2.9145363984674235
632,2014-01-03,3.029427215189881
633,2014-01-06,2.8870138888888897
634,2014-01-07,2.978797333333324
635,2014-01-08,2.928574906367027
636,2014-01-09,3.0220067114094
637,2014-01-13,2.8654689265536715
638,2014-01-14,2.9655636896046738
639,2014-01-15,2.9054313725490144
640,2014-01-16,2.9990650154798777
641,2014-01-20,2.903403645833334
642,2014-01-21,2.9798973105134445
643,2014-01-22,2.9025074135090456
644,2014-01-23,3.034032828282828
645,2014-01-27,2.897585683297174
646,2014-01-28,2.9898954635108446
647,2014-01-29,2.912239393939381
648,2014-01-30,3.0400481927710805
649,2014-02-03,2.8787500000000006
650,2014-02-04,2.922704225352106
651,2014-02-05,2.948073022312349
652,2014-02-06,2.995862857142856
653,2014-02-10,2.9173781038374615
654,2014-02-11,2.977132075471692
655,2014-02-12,2.93881702127659
656,2014-02-13,3.04944285714286
657,2014-02-17,2.967837209302325
658,2014-02-18,2.9313397435897253
659,2014-02-19,2.9516095890410874
660,2014-02-20,2.9285721393034834
661,2014-02-24,2.897439359267728
662,2014-02-25,2.999245817245807
663,2014-02-26,2.9165513126491645
664,2014-02-27,2.8824968944099387
665,2014-03-03,2.933695035460994
666,2014-03-04,2.943512820512821
667,2014-03-05,2.924178378378361
668,2014-03-06,3.0074170403587335
669,2014-03-07,2.984920634920634
670,2014-03-10,2.858622149837135
671,2014-03-11,2.984883928571431
672,2014-03-12,2.9351810193321524
673,2014-03-13,3.0493182795698845
674,2014-03-17,2.904135294117649
675,2014-03-18,2.9318369098712456
676,2014-03-19,3.006441412520061
677,2014-03-20,2.9776240601503607
678,2014-03-24,2.9651180904522634
679,2014-03-25,2.9918309859154952
680,2014-03-26,2.9602302968269942
681,2014-03-27,3.0715614035087713
682,2014-03-31,2.9118421052631605
683,2014-04-01,2.9799541284403666
684,2014-04-02,2.979452132701394
685,2014-04-03,3.0343181818181844
686,2014-04-07,2.948708502024297
687,2014-04-08,2.9395264797507794
688,2014-04-09,2.9945275022542583
689,2014-04-10,2.9289400000000008
690,2014-04-14,2.896589285714286
691,2014-04-15,2.9829808306709276
692,2014-04-16,2.9762950191570643
693,2014-04-17,2.991017094017093
694,2014-04-22,2.9755878136200633
695,2014-04-23,2.9685912518853588
696,2014-04-24,2.9908558875219566
697,2014-04-28,2.996353057199206
698,2014-04-29,2.9721915559030245
699,2014-04-30,2.983
700,2014-05-05,3.029463157894736
701,2014-05-06,2.998030120481928
702,2014-05-07,3.0604146868250552
703,2014-05-08,3.1322545454545465
704,2014-07-01,2.8847260273972646
705,2014-07-02,2.9735234541577737
706,2014-07-03,3.0099570815450627
707,2014-07-07,2.955597457627118
708,2014-07-08,2.9455017857142898
709,2014-07-09,2.9374888438133904
710,2014-07-10,2.9399244532803177
711,2014-07-14,2.8697438423645343
712,2014-07-15,2.9170385144429147
713,2014-07-16,2.9532835820895516
714,2014-07-17,3.0163267716535436
715,2014-07-21,2.9199139784946246
716,2014-07-22,2.970561151079139
717,2014-07-23,2.9400098911968278
718,2014-07-24,2.9246431924882623
719,2014-07-25,2.859
720,2014-07-28,2.8628243243243237
721,2014-07-29,2.9149306930693095
722,2014-07-30,2.9454365012615407
723,2014-07-31,2.931456140350878
724,2014-08-04,2.8633877551020412
725,2014-08-05,2.905118932038833
726,2014-08-06,2.972099720410038
727,2014-08-07,2.9107453416149056
728,2014-08-11,2.847084942084943
729,2014-08-12,2.9113792325056393
730,2014-08-13,2.999179487179491
731,2014-08-14,2.927281609195404
732,2014-08-18,2.8719482758620702
733,2014-08-19,2.9147267206477774
734,2014-08-20,2.9969701657458394
735,2014-08-21,2.8229082568807344
736,2014-08-25,2.903374331550802
737,2014-08-26,2.8162014388489225
738,2014-08-27,2.974992628992619
739,2014-08-28,2.992818181818178
740,2014-09-01,2.9212222222222257
741,2014-09-02,2.9747103448275865
742,2014-09-03,2.9661789568345074
743,2014-09-04,2.8749495798319344
744,2014-09-08,2.927725000000001
745,2014-09-09,2.9311286127167637
746,2014-09-10,2.9800618672665764
747,2014-09-11,2.9407031250000006
748,2014-09-15,2.8730769230769235
749,2014-09-16,2.908558095238094
750,2014-09-17,2.988901754385943
751,2014-09-18,2.929425287356323
752,2014-09-22,2.8623129251700687
753,2014-09-23,2.960394805194798
754,2014-09-24,2.9672693236714838
755,2014-09-25,3.095521739130435
756,2014-09-29,2.9280230414746544
757,2014-09-30,2.9620689127105657
758,2014-10-01,2.945061983471069
759,2014-10-02,2.9236683937823846
760,2014-10-06,2.8401538461538474
761,2014-10-07,2.9289756097560966
762,2014-10-08,2.9392398427260726
763,2014-10-09,3.033566336633669
764,2014-10-13,2.8411485148514863
765,2014-10-14,2.9313836317135546
766,2014-10-15,2.9926439842208943
767,2014-10-16,2.931469273743017
768,2014-10-20,2.8611228070175434
769,2014-10-21,2.794866141732285
770,2014-10-22,2.9778022727272626
771,2014-10-23,2.9915114754098355
772,2014-10-27,2.852796208530806
773,2014-10-28,3.002640586797065
774,2014-10-29,2.976275471698106
775,2014-10-30,2.9225729442970825
776,2014-11-03,2.8692990196078436
777,2014-11-04,2.8896428571428565
778,2014-11-05,2.982513444302169
779,2014-11-06,3.0197951582867777
780,2014-11-10,2.8740055248618788
781,2014-11-11,3.015351893095767
782,2014-11-12,3.02622911392404
783,2014-11-13,3.0950653950953675
784,2014-11-17,2.860079295154186
785,2014-11-18,3.0437503045066885
786,2014-11-19,3.072985054347819
787,2014-11-21,3.095
788,2014-11-24,2.97985852090032
789,2014-11-25,2.9981132867132736
790,2014-11-26,3.08203623188406
791,2014-11-27,3.057300578034683
792,2014-12-01,2.8899154078549865
793,2014-12-02,3.035559090909085
794,2014-12-03,3.0645166112956743
795,2014-12-04,3.0933747016706454
796,2014-12-08,2.9085819672131166
797,2014-12-09,3.099363636363637
798,2014-12-10,3.04587878787878
799,2014-12-11,3.0449607843137234
800,2014-12-15,2.988935344827588
801,2014-12-16,2.9465498281786946
802,2014-12-17,3.068248359887533
803,2014-12-18,2.9743131313131315
804,2014-12-22,3.0265993031358978
805,2014-12-23,3.043745635910217
806,2014-12-24,3.0401818181818183
807,2014-12-25,2.879
808,2014-12-29,3.0207899786780237
809,2014-12-30,3.0276058823529355
810,2014-12-31,3.05
811,2015-01-05,2.9452827586206918
812,2015-01-06,3.035403530895331
813,2015-01-07,3.0188437499999923
814,2015-01-08,3.024510373443988
815,2015-01-12,2.9571928571428594
816,2015-01-13,2.9690595238095265
817,2015-01-14,3.0281501858735997
818,2015-01-15,3.1137941176470587
819,2015-01-19,2.9767356321839107
820,2015-01-20,3.090674418604647
821,2015-01-21,3.0037187196896094
822,2015-01-22,2.9861176470588244
823,2015-01-26,2.9101877729257675
824,2015-01-27,3.081771257485028
825,2015-01-28,3.014554785020792
826,2015-01-29,3.13225
827,2015-02-02,3.2517653061224485
828,2015-02-03,3.310471380471379
829,2015-02-04,3.3114248046874923
830,2015-02-05,3.1840081300812972
831,2015-02-09,3.280382608695651
832,2015-02-10,3.3547024793388345
833,2015-02-11,3.2873932926829332
834,2015-02-12,3.300067961165048
835,2015-02-16,3.324807999999996
836,2015-02-17,3.3233663793103467
837,2015-02-18,3.3501006211180058
838,2015-02-19,3.241977867203215
839,2015-02-23,3.2791577060931845
840,2015-02-24,3.3373350318471133
841,2015-02-25,3.3178474226804133
842,2015-02-26,3.280431693989069
843,2015-02-27,3.43813559322034
844,2015-03-02,3.310479452054791
845,2015-03-03,3.3406713043478136
846,2015-03-04,3.355619691119691
847,2015-03-05,3.1858969465648825
848,2015-03-09,3.2384553571428545
849,2015-03-10,3.3125696649029917
850,2015-03-11,3.3617923832923817
851,2015-03-12,3.2730756756756776
852,2015-03-16,3.337747720364739
853,2015-03-17,3.3563436619718265
854,2015-03-18,3.3138110964332945
855,2015-03-19,3.278566091954021
856,2015-03-23,3.228751533742333
857,2015-03-24,3.366687499999987
858,2015-03-25,3.3126862745098022
859,2015-03-26,3.324673640167362
860,2015-03-30,3.22492164179105
861,2015-03-31,3.341268749999986
862,2015-04-01,3.3312788461538414
863,2015-04-02,3.2880580645161266
864,2015-04-06,3.1697241379310355
865,2015-04-07,3.271149700598793
866,2015-04-08,3.3453399778516077
867,2015-04-09,3.338396648044694
868,2015-04-13,3.2797592592592575
869,2015-04-14,3.275487654320975
870,2015-04-15,3.343406716417907
871,2015-04-16,3.240357954545455
872,2015-04-20,3.2290877862595457
873,2015-04-21,3.3517355371900823
874,2015-04-22,3.2580162094763003
875,2015-04-23,3.373271304347822
876,2015-04-24,3.621151515151516
877,2015-04-27,3.352517441860464
878,2015-04-28,3.2938759590792666
879,2015-04-29,3.2291193820224677
880,2015-04-30,3.4720396825396826
881,2015-05-04,3.2614597402597405
882,2015-05-05,3.2664342857142783
883,2015-05-06,3.3764639376218284
884,2015-05-07,3.1746100278551586
885,2015-05-11,3.2580828025477673
886,2015-05-12,3.239021791767551
887,2015-05-13,3.364150497512432
888,2015-05-14,3.253878345498781
889,2015-05-18,3.262077441077435
890,2015-05-19,3.2459326923076985
891,2015-05-20,3.408002580645148
892,2015-05-21,3.2546601466992624
893,2015-05-25,3.3002960526315768
894,2015-05-26,3.246012320328531
895,2015-05-27,3.344062111801233
896,2015-05-28,3.3501989795918354
897,2015-06-01,3.294952777777774
898,2015-06-02,3.3150459873760054
899,2015-06-03,3.276546325878602
900,2015-06-08,3.1715489361702134
901,2015-06-09,3.3039748653500864
902,2015-06-10,3.410711148648643
903,2015-06-11,3.206037406483791
904,2015-06-15,3.3773369963369917
905,2015-06-16,3.3181711079943748
906,2015-06-17,3.285135537190075
907,2015-06-18,3.244553299492388
908,2015-06-22,3.247437956204387
909,2015-06-23,3.3538439108061566
910,2015-06-24,3.2582124430955903
911,2015-06-25,3.2987992700729976
912,2015-06-29,3.318309090909088
913,2015-06-30,3.2571319648093615
914,2015-07-01,3.34287083333332
915,2015-07-02,3.1814976958525385
916,2015-07-06,3.2358046647230303
917,2015-07-07,3.2941409523809444
918,2015-07-08,3.3340666666666716
919,2015-07-13,3.30274021352313
920,2015-07-14,3.3528527607361767
921,2015-07-15,3.28069099378881
922,2015-07-16,3.147000000000002
923,2015-07-20,3.30373846153846
924,2015-07-21,3.255962184873929
925,2015-07-22,3.4162578124999956
926,2015-07-23,3.1669918699187045
927,2015-07-27,3.297671532846714
928,2015-07-28,3.2345375854214065
929,2015-07-29,3.371504685408292
930,2015-07-30,3.292729559748428
931,2015-08-03,3.3049853479853475
932,2015-08-04,3.320109961190152
933,2015-08-05,3.3668667917448363
934,2015-08-06,3.108787128712875
935,2015-08-10,3.29149516129031
936,2015-08-11,3.314838903170517
937,2015-08-24,3.343594871794876
938,2015-08-25,3.220545098039219
939,2015-08-26,3.3712087628865945
940,2015-08-27,3.3526000000000002
941,2015-08-31,3.2969935064935028
942,2015-09-01,3.3196811594202744
943,2015-09-02,3.3505879629629622
944,2015-09-07,3.5
945,2015-09-08,3.329675159235676
946,2015-09-09,3.2808434237995807
947,2015-09-10,3.511190476190477
948,2015-09-14,3.2415424836601283
949,2015-09-15,3.30466596638655
950,2015-09-16,3.358193693693695
951,2015-09-17,3.5149999999999997
952,2015-09-21,3.3456887755102023
953,2015-09-22,3.2865993975903636
954,2015-09-23,3.2952091503267975
955,2015-09-24,3.731944444444445
956,2015-09-28,3.285941463414635
957,2015-09-29,3.334056451612906
958,2015-09-30,3.316476868327404
959,2015-10-05,3.460245398773009
960,2015-10-06,3.483615000000001
961,2015-10-07,3.5005593220339026
962,2015-10-12,3.712750000000001
963,2015-10-13,3.4999392097264423
964,2015-10-14,3.401845930232558
965,2015-10-15,3.739070921985817
966,2015-10-19,3.5455504587155975
967,2015-10-20,3.4980684039087997
968,2015-10-21,3.5227865168539365
969,2015-10-26,3.562670995670995
970,2015-10-27,3.5096891304347766
971,2015-10-28,3.4906024096385506
972,2015-10-29,3.7794999999999996
973,2015-11-02,3.699
974,2015-11-03,3.579537383177573
975,2015-11-04,3.4736909090909047
976,2015-11-05,3.5740909090909083
977,2015-11-09,3.5828484848484825
978,2015-11-10,3.6341111111111113
979,2015-11-11,3.494609053497947
980,2015-11-12,3.7296796874999982
981,2015-11-16,3.521127819548871
982,2015-11-17,3.6191247002398135
983,2015-11-18,3.538923913043479
984,2015-11-19,3.751190082644628
985,2015-11-23,3.5704320987654325
986,2015-11-24,3.6040498687664053
987,2015-11-25,3.6680268456375797
988,2015-11-26,3.6648461538461534
989,2015-11-30,3.738129629629628
990,2015-12-01,3.6531034482758598
991,2015-12-02,3.648862288135585
992,2015-12-03,3.6491818181818187
993,2015-12-07,3.5514545454545465
994,2015-12-08,3.6446742671009758
995,2015-12-09,3.670277499999997
996,2015-12-10,3.6499999999999995
997,2015-12-14,3.694234374999999
998,2015-12-15,3.6565098039215704
999,2015-12-16,3.6425958083832346
1000,2015-12-17,3.625270000000001
1001,2015-12-21,3.544490566037737
1002,2015-12-22,3.7049312714776477
1003,2015-12-23,3.5838448275862063
1004,2015-12-28,3.598988919667589
1005,2015-12-29,3.7349596273291925
1006,2015-12-30,3.637880952380951
1007,2016-01-04,3.5843333333333343
1008,2016-01-05,3.751289719626172
1009,2016-01-06,3.6335182012847933
1010,2016-01-07,3.683884955752215
1011,2016-01-08,3.69
1012,2016-01-11,3.6603010752688174
1013,2016-01-12,3.694552112676056
1014,2016-01-13,3.655514705882354
1015,2016-01-14,3.7280693069306943
1016,2016-01-18,3.7076417910447756
1017,2016-01-19,3.793328903654488
1018,2016-01-20,3.6318466257668782
1019,2016-01-21,3.5885987654321028
1020,2016-01-25,3.623637931034487
1021,2016-01-26,3.74427149321267
1022,2016-01-27,3.7019103641456566
1023,2016-01-28,3.660024691358027
1024,2016-02-01,3.7946560509554175
1025,2016-02-02,3.6902067901234616
1026,2016-02-03,3.6638865030674905
1027,2016-02-04,3.7488297872340417
1028,2016-02-08,3.705246575342465
1029,2016-02-09,3.7602107843137254
1030,2016-02-10,3.6525851063829795
1031,2016-02-11,3.7759545454545473
1032,2016-02-12,3.6401428571428567
1033,2016-02-15,3.8538799999999953
1034,2016-02-16,3.682715355805247
1035,2016-02-17,3.697705179282875
1036,2016-02-18,3.751992452830193
1037,2016-02-22,3.6548384615384637
1038,2016-02-23,3.8013459915611896
1039,2016-02-24,3.736314102564107
1040,2016-02-25,3.733431818181823
1041,2016-02-29,3.62406896551724
1042,2016-03-01,3.8031992337164815
1043,2016-03-02,3.689364457831327
1044,2016-03-03,3.7570378378378404
1045,2016-03-07,3.813206896551722
1046,2016-03-08,3.7850344827586224
1047,2016-03-09,3.781541666666671
1048,2016-03-10,3.667433628318585
1049,2016-03-14,3.693308724832218
1050,2016-03-15,3.7173571428571495
1051,2016-03-16,3.777478609625675
1052,2016-03-17,3.8178630136986302
1053,2016-03-21,3.699321428571428
1054,2016-03-22,3.6983800623053025
1055,2016-03-23,3.7682041343669295
1056,2016-03-24,3.659014705882355
1057,2016-03-28,3.8365541401273933
1058,2016-03-29,3.748424778761063
1059,2016-03-30,3.7218463114754106
1060,2016-03-31,3.6233499999999985
1061,2016-04-04,3.919555555555556
1062,2016-04-05,3.780662037037042
1063,2016-04-06,3.722167155425218
1064,2016-04-07,3.6870284697508917
1065,2016-04-11,3.7713195876288688
1066,2016-04-12,3.666119047619045
1067,2016-04-13,3.732194029850747
1068,2016-04-14,3.7040467625899303
1069,2016-04-18,3.691028571428574
1070,2016-04-19,3.727836065573767
1071,2016-04-20,3.8034081632653067
1072,2016-04-25,3.776884615384615
1073,2016-04-26,3.67666058394161
1074,2016-04-27,3.7150298507462707
1075,2016-04-28,3.7452174940898297
1076,2016-05-02,3.8155078534031452
1077,2016-05-03,3.6909277108433725
1078,2016-05-04,3.6382271386430665
1079,2016-05-05,3.758102409638558
1080,2016-05-09,3.6177320261437904
1081,2016-05-10,3.658707317073171
1082,2016-05-11,3.7159070422535248
1083,2016-05-12,3.8011923076923058
1084,2016-05-16,3.6883888888888876
1085,2016-05-17,3.6780588235294087
1086,2016-05-18,3.637105263157893
1087,2016-05-19,3.8379225352112676
1088,2016-05-23,3.6939615384615427
1089,2016-05-24,3.7185220883534176
1090,2016-05-25,3.608856209150328
1091,2016-05-30,3.6457745098039247
1092,2016-05-31,3.736700374531841
1093,2016-06-01,3.664826576576573
1094,2016-06-02,3.733023255813954
1095,2016-06-06,3.608008403361344
1096,2016-06-07,3.8638064516129074
1097,2016-06-08,3.6323036649214635
1098,2016-06-09,3.6024345238095243
1099,2016-06-13,3.7070128205128228
1100,2016-06-14,3.867910569105693
1101,2016-06-15,3.588159322033897
1102,2016-06-16,3.5882429577464823
1103,2016-06-20,3.708232142857142
1104,2016-06-21,3.6874702970297064
1105,2016-06-22,3.567079772079771
1106,2016-06-23,3.6925037593984986
1107,2016-06-27,3.487309523809522
1108,2016-06-28,3.603811926605506
1109,2016-06-29,3.7073564154786145
1110,2016-06-30,3.491542857142858
1111,2016-07-04,3.6086923076923076
1112,2016-07-05,3.5568412256267394
1113,2016-07-06,3.599970338983054
1114,2016-07-07,3.7910400000000073
1115,2016-07-11,3.628193181818182
1116,2016-07-12,3.726849462365596
1117,2016-07-13,3.557255681818175
1118,2016-07-14,3.842844444444445
1119,2016-07-18,3.5702500000000037
1120,2016-07-19,3.7164254143646396
1121,2016-07-20,3.6059911242603504
1122,2016-07-21,3.7782250000000017
1123,2016-07-25,3.7012580645161286
1124,2016-07-26,3.6253305322128875
1125,2016-07-27,3.629954545454545
1126,2016-07-28,3.9426235294117666
1127,2016-08-01,3.5622043010752704
1128,2016-08-02,3.704393103448277
1129,2016-08-03,3.650997319034847
1130,2016-08-04,3.739298076923077
1131,2016-08-08,3.6536685082872946
1132,2016-08-09,3.689354066985652
1133,2016-08-10,3.6651549999999973
1134,2016-08-11,3.6307000000000023
1135,2016-08-15,3.7776699029126233
1136,2016-08-16,3.6181526717557277
1137,2016-08-17,3.6278201058201054
1138,2016-08-18,3.715093220338982
1139,2016-08-22,3.606419117647061
1140,2016-08-23,3.6696242424242413
1141,2016-08-24,3.5898107142857136
1142,2016-08-25,3.7937894736842117
1143,2016-08-29,3.584593495934965
1144,2016-08-30,3.700843003412963
1145,2016-08-31,3.639022813688216
1146,2016-09-01,3.6265706521739123
1147,2016-09-05,3.7638108108108095
1148,2016-09-06,3.574031428571427
1149,2016-09-07,3.91
1150,2016-09-08,3.5746818181818205
1151,2016-09-12,3.718292237442925
1152,2016-09-13,3.6877641509434014
1153,2016-09-14,3.578232758620689
1154,2016-09-15,3.670931506849316
1155,2016-09-19,3.684679611650487
1156,2016-09-20,3.633122009569371
1157,2016-09-21,3.626541818181824
1158,2016-09-22,3.591540983606557
1159,2016-09-26,3.565685483870969
1160,2016-09-27,3.508897435897438
1161,2016-09-28,3.717404199475062
1162,2016-09-29,3.7421592920353977
1163,2016-10-03,3.6181659751037354
1164,2016-10-04,3.6241979166666702
1165,2016-10-05,3.630028481012659
1166,2016-10-06,3.76120754716981
1167,2016-10-10,3.5720638297872345
1168,2016-10-11,3.672626477541364
1169,2016-10-12,3.3770000000000002
1170,2016-10-13,3.6623234042553188
1171,2016-10-14,3.245
1172,2016-10-17,3.6003353658536588
1173,2016-10-18,3.7149028132992243
1174,2016-10-19,3.686642241379311
1175,2016-10-20,3.5160547945205467
1176,2016-10-24,3.7222476190476197
1177,2016-10-25,3.612408730158729
1178,2016-10-26,3.662962779156325
1179,2016-10-27,3.7258229166666648
1180,2016-10-31,3.5928605341246302
1181,2016-11-01,3.7244217171717175
1182,2016-11-02,3.3890000000000007
1183,2016-11-03,3.659570247933884
1184,2016-11-04,3.439
1185,2016-11-07,3.6343619047619073
1186,2016-11-08,3.5587804878048797
1187,2016-11-09,3.7909683377308716
1188,2016-11-10,3.5311774193548433
1189,2016-11-14,3.4899044585987267
1190,2016-11-15,3.781604026845637
1191,2016-11-16,3.6573128964059185
1192,2016-11-17,3.7926730769230774
1193,2016-11-18,3.791730769230769
1194,2016-11-21,3.4613799999999992
1195,2016-11-22,3.633832535885167
1196,2016-11-23,3.6457100456621054
1197,2016-11-24,3.632611464968152
1198,2016-11-28,3.5574840989399323
1199,2016-11-29,3.6546052631578942
1200,2016-11-30,3.6686843971631204
1201,2016-12-01,3.596990099009897
1202,2016-12-05,3.6895598455598466
1203,2016-12-06,3.653149635036495
1204,2016-12-07,3.6909023255813964
1205,2016-12-08,3.679317757009346
1206,2016-12-12,3.7599774011299454
1207,2016-12-13,3.841922857142862
1208,2016-12-14,3.5942037735849066
1209,2016-12-15,3.72790625
1210,2016-12-19,3.7859970845481077
1211,2016-12-20,3.7407557894736843
1212,2016-12-21,3.549536585365855
1213,2016-12-26,3.6490891089108954
1214,2016-12-27,3.7783041894353433
1215,2016-12-28,3.612
1216,2017-01-02,3.7271489361702144
1217,2017-01-03,3.7476842105263173
1218,2017-01-04,3.7460903954802323
1219,2017-01-05,3.6424482758620695
1220,2017-01-09,3.5384531249999998
1221,2017-01-10,3.737350877192987
1222,2017-01-11,3.754336048879837
1223,2017-01-12,3.853591549295774
1224,2017-01-16,3.628642487046634
1225,2017-01-17,3.7935595238095265
1226,2017-01-18,3.774945868945868
1227,2017-01-19,3.6833648648648674
1228,2017-01-23,3.6690352112676043
1229,2017-01-24,3.725744075829385
1230,2017-01-25,3.6679166666666676
1231,2017-01-26,3.8374870466321256
1232,2017-01-30,3.729828947368423
1233,2017-01-31,3.7895841584158454
1234,2017-02-01,3.765329700272479
1235,2017-02-02,3.618143884892088
1236,2017-02-06,3.5418260869565232
1237,2017-02-07,3.814259541984738
1238,2017-02-08,3.635148484848486
1239,2017-02-09,3.8944972375690607
1240,2017-02-13,3.63148087431694
1241,2017-02-14,3.7328448979591897
1242,2017-02-15,3.756844339622644
1243,2017-02-16,3.8327788018433178
1244,2017-02-20,3.5367355371900833
1245,2017-02-21,3.81980927835052
1246,2017-02-22,3.712115894039736
1247,2017-02-23,3.729081632653061
1248,2017-02-27,3.63963076923077
1249,2017-02-28,3.7742000000000004
1250,2017-03-01,3.6600543735224607
1251,2017-03-02,3.788410714285715
1252,2017-03-03,3.7925544041450756
1253,2017-03-06,3.2668749999999993
1254,2017-03-07,3.7649852216748783
1255,2017-03-08,3.6850700280112023
1256,2017-03-09,3.635626811594206
1257,2017-03-13,3.540589999999998
1258,2017-03-14,3.518103448275861
1259,2017-03-15,3.7698798076923037
1260,2017-03-16,3.5486402877697807
1261,2017-03-20,3.6242577319587603
1262,2017-03-21,3.704798449612397
1263,2017-03-22,3.655104026845635
1264,2017-03-23,3.5631747572815566
1265,2017-03-27,3.652264150943395
1266,2017-03-28,3.6413608247422666
1267,2017-03-29,3.7481349206349233
1268,2017-03-30,3.543841880341881
1269,2017-04-03,3.716755434782609
1270,2017-04-04,3.5349634146341504
1271,2017-04-05,3.634285714285715
1272,2017-04-06,3.6749600000000027
1273,2017-04-10,3.6027761194029866
1274,2017-04-11,3.644156398104266
1275,2017-04-12,3.582112244897955
1276,2017-04-13,3.651447154471546
1277,2017-04-17,3.5869644670050778
1278,2017-04-18,3.551692111959289
1279,2017-04-19,3.6148589743589774
1280,2017-04-20,3.901285714285713
1281,2017-04-24,3.5642101449275407
1282,2017-04-25,3.585906882591095
1283,2017-04-26,3.5824363636363605
1284,2017-04-27,3.914371428571429
1285,2017-05-01,3.574
1286,2017-05-02,3.5547758620689685
1287,2017-05-03,3.6414134615384617
1288,2017-05-04,3.646964769647691
1289,2017-05-08,3.524548245614035
1290,2017-05-09,3.708724137931033
1291,2017-05-10,3.612187878787881
1292,2017-05-11,3.632290043290048
1293,2017-05-15,3.4476249999999995
1294,2017-05-16,3.697890322580647
1295,2017-05-17,3.590955835962142
1296,2017-05-18,3.5087006802721104
1297,2017-05-22,3.645786458333337
1298,2017-05-23,3.5969376558603483
1299,2017-05-24,3.5909310344827627
1300,2017-05-25,3.3608305084745784
1301,2017-05-29,3.3668407079646037
1302,2017-05-30,3.6204512534818902
1303,2017-05-31,3.6017260273972593
1304,2017-06-01,3.584454935622315
1305,2017-06-05,3.3973125000000004
1306,2017-06-06,3.566225048923676
1307,2017-06-07,3.612246753246755
1308,2017-06-08,3.4852229299363056
1309,2017-06-12,3.514423076923076
1310,2017-06-13,3.5597107843137095
1311,2017-06-14,3.4748023952095823
1312,2017-06-19,3.55198113207547
1313,2017-06-20,3.566802325581385
1314,2017-06-21,3.3551148936170225
1315,2017-06-22,3.6194117647058826
1316,2017-06-26,3.3961167883211694
1317,2017-06-27,3.5491127659574437
1318,2017-06-28,3.402029411764707
1319,2017-06-29,3.361808510638298
1320,2017-07-03,3.4546666666666654
1321,2017-07-04,3.521371859296477
1322,2017-07-05,3.392971830985915
1323,2017-07-06,3.3728097345132704
1324,2017-07-10,3.432841836734695
1325,2017-07-11,3.506470588235294
1326,2017-07-12,3.422971098265896
1327,2017-07-13,3.4103103448275873
1328,2017-07-17,3.3903596491228063
1329,2017-07-18,3.4960629722921883
1330,2017-07-19,3.4965612244898012
1331,2017-07-20,3.3252322580645166
1332,2017-07-24,3.75643181818182
1333,2017-07-25,3.7825027173913086
1334,2017-07-26,3.7840719178082227
1335,2017-07-27,3.640883333333334
1336,2017-07-31,3.9369
1337,2017-08-01,3.7924803370786506
1338,2017-08-02,3.6353267716535447
1339,2017-08-03,3.808720588235295
1340,2017-08-07,3.7603448275862084
1341,2017-08-08,3.8089246987951824
1342,2017-08-09,3.7516235294117672
1343,2017-08-10,3.601803418803419
1344,2017-08-14,3.54618238993711
1345,2017-08-15,3.7347346368715053
1346,2017-08-16,3.809780487804873
1347,2017-08-17,3.949387596899225
1348,2017-08-21,3.6651160714285766
1349,2017-08-22,3.8354076576576577
1350,2017-08-23,3.705590643274852
1351,2017-08-24,3.4503750000000006
1352,2017-08-28,3.6548750000000005
1353,2017-08-29,3.7638227848101287
1354,2017-08-30,3.7418525835866228
1355,2017-08-31,3.791
1356,2017-09-04,3.8072183908045996
1357,2017-09-05,3.8624139999999985
1358,2017-09-06,3.7976023391812856
1359,2017-09-11,3.8354846153846176
1360,2017-09-12,3.914975675675671
1361,2017-09-13,3.9291850746268686
1362,2017-09-14,3.9225000000000008
1363,2017-09-18,4.026025210084036
1364,2017-09-19,3.8870320855614926
1365,2017-09-20,3.805049180327869
1366,2017-09-21,3.9787499999999985
1367,2017-09-25,3.7853333333333357
1368,2017-09-26,3.9525875000000026
1369,2017-09-27,3.8144503816793884
1370,2017-09-28,4.009766304347829
1371,2017-10-02,3.8256538461538465
1372,2017-10-03,3.8960285714285794
1373,2017-10-04,3.9300470085470116
1374,2017-10-05,3.683286885245902
1375,2017-10-09,3.7991264367816098
1376,2017-10-10,3.9102291666666567
1377,2017-10-11,4.001857142857144
1378,2017-10-16,3.7876722689075644
1379,2017-10-17,3.8972230483271404
1380,2017-10-18,3.950041162227613
1381,2017-10-19,3.720705882352941
1382,2017-10-23,3.88341836734694
1383,2017-10-24,3.8956593059936924
1384,2017-10-25,3.8670856353591185
1385,2017-10-26,3.878957142857142
1386,2017-10-30,3.7721087866108824
1387,2017-10-31,3.904489681050659
1388,2017-11-01,3.980858974358973
1389,2017-11-06,3.76719718309859
1390,2017-11-07,3.9528327272727273
1391,2017-11-08,3.9491745379876795
1392,2017-11-09,4.3342608695652185
1393,2017-11-13,3.913411764705881
1394,2017-11-14,4.0370116472545785
1395,2017-11-15,3.672235294117647
1396,2017-11-16,3.8851566265060224
1397,2017-11-20,4.059534653465348
1398,2017-11-21,4.145084745762704
1399,2017-11-22,3.9695982404692125
1400,2017-11-23,3.9182678571428564
1401,2017-11-27,3.9328571428571424
1402,2017-11-28,4.029876237623769
1403,2017-11-29,4.089444000000001
1404,2017-11-30,4.037011173184355
1405,2017-12-04,3.9026410256410258
1406,2017-12-05,4.126567901234566
1407,2017-12-06,4.0032890625
1408,2017-12-07,4.174469696969696
1409,2017-12-11,4.155348684210526
1410,2017-12-12,3.9541060606060605
1411,2017-12-13,4.05872928176796
1412,2017-12-14,4.017647887323944
1413,2017-12-18,4.162266666666668
1414,2017-12-19,4.093829157175408
1415,2017-12-20,4.039614285714289
1416,2017-12-21,3.965301369863013
1417,2017-12-25,3.9118000000000004
1418,2017-12-26,3.9361837837837848
1419,2017-12-27,4.087204761904763
1420,2017-12-28,4.107641686182669
1421,2017-12-29,4.087366666666666
1422,2018-01-02,3.987996753246755
1423,2018-01-03,4.269170634920635
1424,2018-01-04,4.050164983164983
1425,2018-01-05,4.39
1426,2018-01-08,4.080537931034481
1427,2018-01-09,4.142978835978827
1428,2018-01-10,4.164335593220338
1429,2018-01-11,4.198133159268931
1430,2018-01-15,4.238808362369335
1431,2018-01-16,4.24388185654008
1432,2018-01-17,4.079847715736028
1433,2018-01-18,4.192558139534881
1434,2018-01-22,4.250074712643679
1435,2018-01-23,4.212392156862729
1436,2018-01-24,4.078390361445785
1437,2018-01-29,4.224703910614524
1438,2018-01-30,4.333173913043482
1439,2018-01-31,4.136283478260866
1440,2018-02-01,4.232839449541283
1441,2018-02-05,4.086434782608695
1442,2018-02-06,4.13863400576368
1443,2018-02-07,4.262298148148144
1444,2018-02-08,4.081114814814818
1445,2018-02-12,4.274528497409328
1446,2018-02-13,3.9695
1447,2018-02-14,4.182506976744187
1448,2018-02-15,4.148951909476646
1449,2018-02-16,4.201541176470589
1450,2018-02-19,4.173304347826089
1451,2018-02-20,4.1561932773109245
1452,2018-02-21,4.232977341389712
1453,2018-02-22,4.0984847560975615
1454,2018-02-26,4.1872846153846135
1455,2018-02-27,4.259654008438828
1456,2018-02-28,4.187378318584067
1457,2018-03-01,4.083406249999993
1458,2018-03-05,3.985439999999999
1459,2018-03-06,4.2163361344537815
1460,2018-03-07,4.13959999999999
1461,2018-03-08,4.074012658227847
1462,2018-03-12,4.205785123966941
1463,2018-03-13,4.24211731843576
1464,2018-03-14,4.229641421947436
1465,2018-03-15,4.072757692307691
1466,2018-03-19,4.1136694214876055
1467,2018-03-20,4.236737588652467
1468,2018-03-21,4.180436206896543
1469,2018-03-22,4.099559523809522
1470,2018-03-26,4.224084415584414
1471,2018-03-27,4.111115207373274
1472,2018-03-28,4.209112582781433
1473,2018-03-29,4.0869873417721525
1474,2018-04-02,4.0276296296296294
1475,2018-04-03,4.313053763440859
1476,2018-04-04,4.200064692982435
1477,2018-04-05,4.025313953488373
1478,2018-04-09,4.158580000000001
1479,2018-04-10,4.090567226890758
1480,2018-04-11,4.250585903083693
1481,2018-04-12,4.186238356164387
1482,2018-04-16,4.502231250000003
1483,2018-04-17,4.132509977827046
1484,2018-04-18,4.163855158730161
1485,2018-04-19,4.1185684210526325
1486,2018-04-23,4.137526315789473
1487,2018-04-24,4.263425531914895
1488,2018-04-25,4.198142458100557
1489,2018-04-26,4.198540284360191
1490,2018-04-30,4.169333333333334
1491,2018-05-01,4.090641975308642
1492,2018-05-02,4.182651408450704
1493,2018-05-03,4.215103603603588
1494,2018-05-04,4.848300000000001
1495,2018-05-07,4.186626315789473
1496,2018-05-08,4.212973154362421
1497,2018-05-09,4.309650197628452
1498,2018-05-10,4.3088317757009325
1499,2018-05-14,4.265098039215687
1500,2018-05-15,4.453711111111104
1501,2018-05-16,4.180066929133853
1502,2018-05-17,4.252953020134229
1503,2018-05-21,4.238130208333336
1504,2018-05-22,4.302403225806451
1505,2018-05-23,4.403934065934062
1506,2018-05-24,4.477100656455129
1507,2018-05-25,4.495232142857149
1508,2018-05-28,4.661272727272726
1509,2018-05-29,4.587464285714285
1510,2018-05-30,4.715295918367346
1511,2018-05-31,4.53212
1512,2018-06-04,4.522613636363636
1513,2018-06-05,4.566093582887697
1514,2018-06-06,4.580564373897704
1515,2018-06-07,4.709367741935481
1516,2018-06-11,4.468420875420872
1517,2018-06-12,4.656831081081074
1518,2018-06-13,4.534737288135592
1519,2018-06-14,4.351345454545454
1520,2018-06-18,4.478617777777777
1521,2018-06-19,4.550302158273379
1522,2018-06-20,4.516690366972482
1523,2018-06-21,4.468068181818182
1524,2018-06-25,4.387905999999996
1525,2018-06-26,4.452152466367708
1526,2018-06-27,4.549999999999997
1527,2018-06-28,4.517217821782173
1528,2018-07-02,4.31542857142857
1529,2018-07-03,4.696668831168835
1530,2018-07-04,4.434821673525375
1531,2018-07-05,4.569430051813473
1532,2018-07-09,4.468107142857142
1533,2018-07-10,4.476721546961332
1534,2018-07-11,4.540084745762709
1535,2018-07-12,4.366482758620689
1536,2018-07-13,4.18075
1537,2018-07-16,4.533545454545453
1538,2018-07-17,4.4709621749409
1539,2018-07-18,4.3785466101694945
1540,2018-07-19,4.560975000000003
1541,2018-07-23,4.449593103448275
1542,2018-07-24,4.425074074074083
1543,2018-07-25,4.4841889632106975
1544,2018-07-26,4.754686046511628
1545,2018-07-30,4.441603960396041
1546,2018-07-31,4.527874999999999
1547,2018-08-01,4.496019736842088
1548,2018-08-02,4.336894009216594
1549,2018-08-06,4.41834693877551
1550,2018-08-07,4.599888888888891
1551,2018-08-08,4.449349611542725
1552,2018-08-09,4.266844155844157
1553,2018-08-13,4.395768518518517
1554,2018-08-14,4.380750841750847
1555,2018-08-15,4.430792184724685
1556,2018-08-16,4.4886250000000025
1557,2018-08-20,4.376141732283464
1558,2018-08-21,4.344473684210529
1559,2018-08-22,4.444618840579701
1560,2018-08-23,4.348581818181825
1561,2018-08-27,4.23554887218045
1562,2018-08-28,4.400576354679803
1563,2018-08-29,4.474030303030304
1564,2018-08-30,4.453389162561575
1565,2018-09-03,4.411811688311686
1566,2018-09-04,4.549504761904761
1567,2018-09-05,4.57473696145125
1568,2018-09-06,4.529589873417719
1569,2018-09-10,4.458141592920354
1570,2018-09-11,4.70692
1571,2018-09-12,4.643845481049554
1572,2018-09-13,4.607915644171776
1573,2018-09-17,4.778769911504425
1574,2018-09-18,4.569073913043467
1575,2018-09-19,4.737791164658636
1576,2018-09-20,4.64529166666667
1577,2018-09-24,4.626604395604393
1578,2018-09-25,4.723190476190475
1579,2018-09-26,4.742465596330266
1580,2018-09-27,4.65767961165049
1581,2018-10-01,4.74201346801347
1582,2018-10-02,4.673479768786131
1583,2018-10-03,4.744096774193546
1584,2018-10-04,4.442336633663368
1585,2018-10-08,4.672657407407408
1586,2018-10-09,4.540860465116277
1587,2018-10-10,4.771207972270353
1588,2018-10-11,4.691675862068957
1589,2018-10-15,4.6553749999999985
1590,2018-10-16,4.8164071146244956
1591,2018-10-17,4.7188987068965496
1592,2018-10-18,4.693418060200662
1593,2018-10-22,4.7665377358490595
1594,2018-10-23,4.667489361702124
1595,2018-10-24,4.634639664804466
1596,2018-10-25,4.789984815618215
1597,2018-10-29,4.717621428571428
1598,2018-10-30,4.631938814531548
1599,2018-10-31,4.71956923076923
1600,2018-11-01,4.759306249999993
1601,2018-11-05,4.766964285714287
1602,2018-11-06,4.604680555555553
1603,2018-11-07,4.714095315024217
1604,2018-11-08,4.544284463894968
1605,2018-11-12,4.493337979094076
1606,2018-11-13,4.597647239263802
1607,2018-11-14,4.511056074766355
1608,2018-11-16,4.79473456790124
1609,2018-11-19,4.470759999999999
1610,2018-11-20,4.556927272727273
1611,2018-11-21,4.608619178082194
1612,2018-11-22,4.456809859154928
1613,2018-11-23,4.536328413284121
1614,2018-11-26,4.46698795180723
1615,2018-11-27,4.377305860805853
1616,2018-11-28,4.395443579766537
1617,2018-11-29,4.677678124999995
1618,2018-12-03,4.249131147540984
1619,2018-12-04,4.349936111111107
1620,2018-12-05,4.485965277777776
1621,2018-12-06,4.3271649831649865
1622,2018-12-10,4.448946372239747
1623,2018-12-11,4.252257142857146
1624,2018-12-12,4.2746125541125535
1625,2018-12-13,4.305196850393699
1626,2018-12-17,4.259028037383179
1627,2018-12-18,4.517891891891887
1628,2018-12-19,4.293876344086013
1629,2018-12-20,4.309310996563564
1630,2018-12-24,4.419666666666666
1631,2018-12-25,4.3251395348837205
1632,2018-12-26,4.271596491228066
1633,2018-12-27,4.339444020356208
1634,2018-12-28,4.088
1635,2019-01-02,4.30804361873989
1636,2019-01-03,4.2948016949152406
1637,2019-01-07,4.180272727272728
1638,2019-01-08,4.154164305949012
1639,2019-01-09,4.321215686274498
1640,2019-01-10,4.271041522491353
1641,2019-01-14,4.27017441860465
1642,2019-01-15,4.375150289017341
1643,2019-01-16,4.263824884792629
1644,2019-01-17,3.9877491749174943
1645,2019-01-21,4.397543650793653
1646,2019-01-22,4.143460273972599
1647,2019-01-23,4.174159482758623
1648,2019-01-24,4.192747899159667
1649,2019-01-28,4.075084942084945
1650,2019-01-29,4.111446280991739
1651,2019-01-30,4.236638801261819
1652,2019-01-31,4.143602564102563
1653,2019-02-04,3.8936104651162826
1654,2019-02-05,4.2258928571428545
1655,2019-02-06,4.084320987654314
1656,2019-02-07,4.392400000000001
1657,2019-02-11,4.1021788617886195
1658,2019-02-12,4.074895683453239
1659,2019-02-13,4.1357231270358135
1660,2019-02-14,4.220154639175262
1661,2019-02-18,3.9504102564102563
1662,2019-02-19,4.243408653846155
1663,2019-02-20,4.143448275862052
1664,2019-02-21,4.1013833333333345
1665,2019-02-25,4.091759336099585
1666,2019-02-26,4.2362671957671925
1667,2019-02-27,4.299852348993284
1668,2019-02-28,4.072792857142858
1669,2019-03-04,3.9619142857142857
1670,2019-03-05,4.134857142857142
1671,2019-03-06,4.232822368421053
1672,2019-03-07,4.350584642233843
1673,2019-03-08,3.970766990291264
1674,2019-03-11,4.289395061728397
1675,2019-03-12,4.269955555555554
1676,2019-03-13,4.300974155069563
1677,2019-03-14,4.2710655737704855
1678,2019-03-18,4.273397058823532
1679,2019-03-19,4.487947643979063
1680,2019-03-20,4.300501706484617
1681,2019-03-21,4.293309859154931
1682,2019-03-25,4.2785064935064945
1683,2019-03-26,4.413046099290777
1684,2019-03-27,4.411058823529404
1685,2019-03-28,4.1485320512820545
1686,2019-04-01,4.350835616438359
1687,2019-04-02,4.441108910891077
1688,2019-04-03,4.263867494824013
1689,2019-04-04,4.366389534883722
1690,2019-04-08,4.476154761904763
1691,2019-04-09,4.410771978021977
1692,2019-04-10,4.409412130637624
1693,2019-04-11,4.313436974789916
1694,2019-04-15,4.597266666666668
1695,2019-04-16,4.518767195767193
1696,2019-04-17,4.404966480446918
1697,2019-04-18,4.38629411764706
1698,2019-04-22,4.338779005524856
1699,2019-04-23,4.6372198142414875
1700,2019-04-24,4.559207058823527
1701,2019-04-25,4.399069852941179
1702,2019-04-29,4.392241379310346
1703,2019-04-30,4.577743401759526
1704,2019-05-01,4.530197802197802
1705,2019-05-02,4.371621739130438
1706,2019-05-06,4.735281553398058
1707,2019-05-07,4.546032418952617
1708,2019-05-08,4.457061135371176
1709,2019-05-09,4.73606474820144
1710,2019-05-13,4.549
1711,2019-05-14,4.566269461077842
1712,2019-05-15,4.549848765432091
1713,2019-05-16,4.349758620689656
1714,2019-05-20,4.5380844155844136
1715,2019-05-21,4.439563758389267
1716,2019-05-22,4.509316479400736
1717,2019-05-23,4.636040358744394
1718,2019-05-27,4.661655172413794
1719,2019-05-28,4.510354341736698
1720,2019-05-29,4.505856687898089
1721,2019-05-30,4.660899159663868
1722,2019-06-03,4.406150375939848
1723,2019-06-04,4.477966183574885
1724,2019-06-05,4.5520921843687265
1725,2019-06-06,4.493991825613075
1726,2019-06-10,4.348588235294116
1727,2019-06-11,4.426692513368987
1728,2019-06-12,4.498286585365852
1729,2019-06-13,4.433780952380955
1730,2019-06-17,4.47515873015873
1731,2019-06-18,4.45924522292991
1732,2019-06-19,4.157042253521128
1733,2019-06-24,4.473463414634144
1734,2019-06-25,4.397846689895472
1735,2019-06-26,4.414693979933103
1736,2019-06-27,4.370422594142264
1737,2019-07-01,4.264054945054944
1738,2019-07-02,4.368634517766496
1739,2019-07-03,4.488734374999997
1740,2019-07-04,4.348355223880591
1741,2019-07-08,4.312916666666667
1742,2019-07-09,4.335844897959187
1743,2019-07-10,4.347376590330789
1744,2019-07-11,4.354247582205024
1745,2019-07-12,3.999
1746,2019-07-15,4.320445544554456
1747,2019-07-16,4.278665289256199
1748,2019-07-17,4.256867237687362
1749,2019-07-18,4.354409090909095
1750,2019-07-22,4.20519801980198
1751,2019-07-23,4.402343023255809
1752,2019-07-24,4.146825630252096
1753,2019-07-25,4.296289719626168
1754,2019-07-29,4.345966494845359
1755,2019-07-30,4.275906976744185
1756,2019-07-31,4.235635294117649
1757,2019-08-01,4.300797687861263
1758,2019-08-05,4.373484536082479
1759,2019-08-06,4.371512499999998
1760,2019-08-07,4.3152667844522785
1761,2019-08-08,4.213338624338627
1762,2019-08-12,4.305932960893852
1763,2019-08-13,4.292342175066313
1764,2019-08-14,4.3572459016393426
1765,2019-08-15,4.353010845986981
1766,2019-08-19,4.537146153846156
1767,2019-08-20,4.33684726224784
1768,2019-08-21,4.252065769805662
1769,2019-08-22,4.6118421052631575
1770,2019-08-26,4.255646464646464
1771,2019-08-27,4.2618054607508515
1772,2019-08-28,4.379852813852804
1773,2019-08-29,4.332489878542514
1774,2019-09-02,4.287173267326731
1775,2019-09-03,4.244244117647051
1776,2019-09-04,4.3153219047618885
1777,2019-09-05,4.459933823529406
1778,2019-09-09,4.323210526315788
1779,2019-09-10,4.360376033057855
1780,2019-09-11,4.414811926605501
1781,2019-09-12,4.2058750000000025
1782,2019-09-16,4.455987538940811
1783,2019-09-17,4.317517123287671
1784,2019-09-18,4.297713004484302
1785,2019-09-19,4.360606666666668
1786,2019-09-23,4.413429078014184
1787,2019-09-24,4.396862559241702
1788,2019-09-25,4.397843648208471
1789,2019-09-26,4.3857925531914885
1790,2019-09-30,4.462746268656719
1791,2019-10-01,4.371322105263156
1792,2019-10-02,4.385076190476189
1793,2019-10-03,4.414425837320576
1794,2019-10-07,4.319655737704925
1795,2019-10-08,4.410156249999998
1796,2019-10-09,4.406189781021892
1797,2019-10-10,4.576437499999999
1798,2019-10-14,4.451921568627455
1799,2019-10-15,4.392106557377048
1800,2019-10-16,4.35603137254901
1801,2019-10-17,4.500486111111111
1802,2019-10-21,4.390145907473314
1803,2019-10-22,4.4515839243498885
1804,2019-10-23,4.31796948356807
1805,2019-10-24,4.477368421052631
1806,2019-10-28,4.453981818181817
1807,2019-10-29,4.334008583690991
1808,2019-10-30,4.4360866873064975
1809,2019-10-31,4.414880597014922
1810,2019-11-04,4.5425
1811,2019-11-05,4.297422740524779
1812,2019-11-06,4.389073496659243
1813,2019-11-07,4.431874125874126
1814,2019-11-11,4.489369718309857
1815,2019-11-12,4.3673903061224495
1816,2019-11-13,4.3736028708133965
1817,2019-11-14,4.420663636363636
1818,2019-11-18,4.459302083333338
1819,2019-11-19,4.3706655518394655
1820,2019-11-20,4.487038732394368
1821,2019-11-21,4.317177710843376
1822,2019-11-22,4.099
1823,2019-11-25,4.373658653846154
1824,2019-11-26,4.448249394673122
1825,2019-11-27,4.395798336798329
1826,2019-11-28,4.5707021276595725
1827,2019-12-02,4.5617909836065555
1828,2019-12-03,4.409467532467533
1829,2019-12-04,4.513704999999998
1830,2019-12-05,4.426994413407823
1831,2019-12-09,4.749053763440863
1832,2019-12-10,4.464102150537639
1833,2019-12-11,4.518439024390247
1834,2019-12-12,4.544867256637167
1835,2019-12-16,4.663369649805447
1836,2019-12-17,4.484235000000005
1837,2019-12-18,4.5125153846153845
1838,2019-12-19,4.557301282051282
1839,2019-12-23,4.5215166051660445
1840,2019-12-24,4.5954895397489475
1841,2019-12-25,4.5573749999999995
1842,2019-12-26,4.572161202185792
1843,2019-12-27,4.025407407407408
1844,2019-12-30,4.48095979020979
1845,2019-12-31,4.526197115384619
1846,2020-01-01,4.783457142857144
1847,2020-01-02,4.681170886075949
1848,2020-01-03,4.548081896551724
1849,2020-01-06,4.558073469387751
1850,2020-01-07,4.461591324200918
1851,2020-01-08,4.5908934911242545
1852,2020-01-09,4.587289772727269
1853,2020-01-13,4.567126506024094
1854,2020-01-14,4.5464703832752615
1855,2020-01-15,4.574233173076925
1856,2020-01-16,4.594815028901733
1857,2020-01-20,4.438081521739126
1858,2020-01-21,4.6438371647509555
1859,2020-01-22,4.576625935162095
1860,2020-01-23,4.65019387755102
1861,2020-01-27,4.4648613861386055
1862,2020-01-28,4.57097938144329
1863,2020-01-29,4.617823529411761
1864,2020-01-30,4.601885496183206
1865,2020-02-03,4.578543624161071
1866,2020-02-04,4.514422857142857
1867,2020-02-05,4.570936288088647
1868,2020-02-06,4.593047120418849
1869,2020-02-10,4.455544262295081
1870,2020-02-11,4.581100401606424
1871,2020-02-12,4.603174545454546
1872,2020-02-13,4.411530303030305
1873,2020-02-17,4.571604095563138
1874,2020-02-18,4.480807256235831
1875,2020-02-19,4.52005504587156
1876,2020-02-20,4.461875
1877,2020-02-24,4.489612499999996
1878,2020-02-25,4.5451250000000005
1879,2020-02-26,4.528908309455586
1880,2020-02-27,4.518302904564321
1881,2020-02-28,4.504796052631581
1882,2020-03-02,4.607055319148937
1883,2020-03-03,4.491512096774191
1884,2020-03-04,4.4819703703703695
1885,2020-03-05,4.512383084577119
1886,2020-03-09,4.533647286821709
1887,2020-03-10,4.539473118279571
1888,2020-03-11,4.452185534591194
1889,2020-03-12,4.472337278106509
1890,2020-03-16,4.444119133574005
1891,2020-03-17,4.493136448598127
1892,2020-03-18,4.44164838709677
1893,2020-03-19,4.356486842105263
1894,2020-03-23,4.4233532258064425
1895,2020-03-24,4.386270491803273
1896,2020-03-25,4.187981132075469
1897,2020-03-26,4.199846153846155
1898,2020-03-30,4.379001893939379
1899,2020-03-31,4.194215736040605
1900,2020-04-01,4.215175572519085
1901,2020-04-02,4.0416644736842136
1902,2020-04-06,4.223218146718138
1903,2020-04-07,4.095598984771569
1904,2020-04-08,4.124440217391304
1905,2020-04-09,4.071312500000001
1906,2020-04-13,4.097308823529399
1907,2020-04-14,4.0540875331564985
1908,2020-04-15,4.051943262411351
1909,2020-04-16,3.971028985507245
1910,2020-04-20,4.063142617449657
1911,2020-04-21,3.853117647058828
1912,2020-04-22,3.976168831168833
1913,2020-04-23,3.7506752136752146
1914,2020-04-27,3.989946215139434
1915,2020-04-28,3.823758835758835
1916,2020-04-29,3.7440384615384628
1917,2020-04-30,4.070227272727274
1918,2020-05-04,3.8057406639004125
1919,2020-05-05,3.7756288088642616
1920,2020-05-06,3.915442622950819
1921,2020-05-07,3.56857627118644
1922,2020-05-11,3.813052380952381
1923,2020-05-12,3.686336538461537
1924,2020-05-13,3.7341507936507883
1925,2020-05-14,4.171634408602153
1926,2020-05-18,3.8955214152700117
1927,2020-05-19,3.7080201149425243
1928,2020-05-20,3.6748035714285687
1929,2020-05-21,3.682479166666669
1930,2020-05-25,3.906105545617175
1931,2020-05-26,3.8172323759791147
1932,2020-05-27,3.651325581395351
1933,2020-05-28,3.9865555555555545
1934,2020-06-01,3.943314814814806
1935,2020-06-02,3.8625038560411316
1936,2020-06-03,3.9005077720207266
1937,2020-06-04,3.4487741935483878
1938,2020-06-08,3.9714838709677327
1939,2020-06-09,3.914622988505746
1940,2020-06-10,3.8049336734693893
1941,2020-06-11,3.820808510638299
1942,2020-06-15,4.097979405034319
1943,2020-06-16,4.025864999999995
1944,2020-06-17,3.867421725239618
1945,2020-06-18,3.7219090909090906
1946,2020-06-22,4.106224074074078
1947,2020-06-23,4.03240871934605
1948,2020-06-24,3.955298611111108
1949,2020-06-25,3.5765
1950,2020-06-29,4.069852083333334
1951,2020-06-30,4.0964947643979075
1952,2020-07-01,3.9758166089965443
1953,2020-07-02,3.99611320754717
1954,2020-07-06,4.1819935897435805
1955,2020-07-07,4.103813359528491
1956,2020-07-08,3.8947862595419855
1957,2020-07-09,4.029461538461539
1958,2020-07-13,4.13477993527508
1959,2020-07-14,4.202322188449854
1960,2020-07-15,3.970252427184468
1961,2020-07-16,3.9501428571428567
1962,2020-07-20,4.176215885947048
1963,2020-07-21,4.22152289156627
1964,2020-07-22,4.119905660377359
1965,2020-07-23,4.1549179104477645
1966,2020-07-27,4.19283720930233
1967,2020-07-28,4.232675840978596
1968,2020-07-29,4.127256716417909
1969,2020-07-30,4.143185185185185
1970,2020-08-03,4.203367781155018
1971,2020-08-04,4.29844054580897
1972,2020-08-05,4.084811428571425
1973,2020-08-06,4.3892500000000005
1974,2020-08-10,4.248358757062147
1975,2020-08-11,4.258274924471297
1976,2020-08-12,4.134179104477615
1977,2020-08-13,4.091271186440678
1978,2020-08-17,4.289113518197541
1979,2020-10-19,4.5041315789473675
1980,2020-10-20,4.399682584269661
1981,2020-10-21,4.328116071428572
1982,2020-10-22,4.128305555555557
1983,2020-10-26,4.420604422604423
1984,2020-10-27,4.3845329087048786
1985,2020-10-28,4.40951376146789
1986,2020-10-29,4.1952
1987,2020-11-02,4.376768292682926
1988,2020-11-03,4.356233684210517
1989,2020-11-04,4.400538659793813
1990,2020-11-05,4.307651515151516
1991,2020-11-09,4.421358778625954
1992,2020-11-10,4.3574637681159345
1993,2020-11-11,4.395688311688313
1994,2020-11-12,4.3272894736842105
1995,2020-11-16,4.483201238390095
1996,2020-11-17,4.380895883777235
1997,2020-11-18,4.452208191126274
1998,2020-11-19,4.514543859649122
1999,2020-11-23,4.456495145631063
2000,2020-11-24,4.55687267080745
2001,2020-11-25,4.4032448275862
2002,2020-11-26,4.370051948051947
2003,2020-11-30,4.482038135593221
2004,2020-12-01,4.482460396039603
2005,2020-12-02,4.487448931116381
2006,2020-12-03,4.505536585365855
2007,2020-12-04,4.53525
2008,2020-12-06,4.4913181818181815
2009,2020-12-07,4.564163588390494
2010,2020-12-08,4.5240419161676595
2011,2020-12-09,4.475007751937988
2012,2020-12-10,4.457450704225354
2013,2020-12-13,4.501456310679615
2014,2020-12-14,4.598405487804871
2015,2020-12-15,4.4369191011235865
2016,2020-12-16,4.55438853503185
2017,2020-12-17,4.486499999999999
2018,2020-12-20,4.536993055555557
2019,2020-12-21,4.606243401759518
2020,2020-12-22,4.476133819951337
2021,2020-12-23,4.284114285714286
2022,2020-12-24,4.245380952380954
2023,2020-12-27,4.445371069182393
2024,2020-12-28,4.657273182957384
2025,2020-12-29,4.526825268817199
2026,2020-12-30,4.3546938775510196
2027,2021-01-03,4.656248031496066
2028,2021-01-04,4.725371681415929
2029,2021-01-05,4.582478991596635
2030,2021-01-06,4.481022831050227
2031,2021-01-07,4.546906249999998
2032,2021-01-10,4.620580246913579
2033,2021-01-11,4.694426666666666
2034,2021-01-12,4.519739726027392
2035,2021-01-13,4.606339285714284
2036,2021-01-14,4.515522727272728
2037,2021-01-17,4.62034972677595
2038,2021-01-18,4.703311787072243
2039,2021-01-19,4.624661710037176
2040,2021-01-20,4.590510324483773
2041,2021-01-21,4.636621052631577
2042,2021-01-24,4.763742616033755
2043,2021-01-25,4.693540441176466
2044,2021-01-26,4.786903614457834
2045,2021-01-27,4.627419141914189
2046,2021-01-28,4.533405405405403
2047,2021-01-31,4.765946153846158
2048,2021-02-01,4.849375000000002
2049,2021-02-02,4.778470941883759
2050,2021-02-03,4.837522648083625
2051,2021-02-04,4.70337142857143
2052,2021-02-07,4.989762931034482
2053,2021-02-08,4.849320158102775
2054,2021-02-09,4.700695364238408
2055,2021-02-10,4.937923357664239
2056,2021-02-11,4.904341463414634
2057,2021-02-14,5.024734939759041
2058,2021-02-15,4.991553314121044
2059,2021-02-16,4.806513888888894
2060,2021-02-17,4.916920560747662
2061,2021-02-18,4.970083333333333
2062,2021-02-19,5.0092
2063,2021-02-21,5.180619718309862
2064,2021-02-22,5.256665137614679
2065,2021-02-23,5.101066079295149
2066,2021-02-24,5.190856000000003
2067,2021-02-25,5.283024096385542
2068,2021-02-28,5.223772455089816
2069,2021-03-01,5.2873169014084525
2070,2021-03-02,5.330492890995254
2071,2021-03-03,5.3531253644314845
2072,2021-03-04,5.5148
2073,2021-03-07,5.461479999999999
2074,2021-03-08,5.36261860465116
2075,2021-03-09,5.491590799031477
2076,2021-03-10,5.609785529715763
2077,2021-03-11,5.729121621621621
2078,2021-03-12,5.332441176470589
2079,2021-03-14,5.506417808219177
2080,2021-03-15,5.640833976833981
2081,2021-03-16,5.576556420233469
2082,2021-03-17,5.570572602739723
2083,2021-03-18,5.684823529411765
2084,2021-03-19,5.976928571428571
2085,2021-03-21,5.522026315789477
2086,2021-03-22,5.601939849624068
2087,2021-03-23,5.528091383812008
2088,2021-03-24,5.604220216606497
2089,2021-03-25,5.499820000000003
2090,2021-03-28,5.655052631578953
2091,2021-03-29,5.588367346938778
2092,2021-03-30,5.421856617647052
2093,2021-03-31,5.355609230769221
2094,2021-04-01,5.424255555555555
2095,2021-04-04,5.463879629629632
2096,2021-04-05,5.542341216216218
2097,2021-04-06,5.4001401617250595
2098,2021-04-07,5.489271966527197
2099,2021-04-08,5.457866666666666
2100,2021-04-11,5.4984104477611995
2101,2021-04-12,5.456246093750005
2102,2021-04-13,5.4590679611650454
2103,2021-04-14,5.417057591623034
2104,2021-04-15,5.449823529411765
2105,2021-04-18,5.355643678160922
2106,2021-04-19,5.47683027522936
2107,2021-04-20,5.613718253968253
2108,2021-04-21,5.389050793650785
2109,2021-04-22,5.59452380952381
2110,2021-04-23,5.688558139534886
2111,2021-04-25,5.454979452054797
2112,2021-04-26,5.508870078740162
2113,2021-04-27,5.477181434599156
2114,2021-04-28,5.401973154362408
2115,2021-04-29,5.702014705882351
2116,2021-05-02,5.56607142857143
2117,2021-05-03,5.563664179104473
2118,2021-05-04,5.489536193029486
2119,2021-05-05,5.496057894736846
2120,2021-05-06,5.592455555555554
2121,2021-05-09,5.699759999999993
2122,2021-05-10,5.56785034013606
2123,2021-05-11,5.585516728624533
2124,2021-05-12,5.479064220183481
2125,2021-05-13,5.700111111111111
2126,2021-05-16,5.646634615384612
2127,2021-05-17,5.677370044052869
2128,2021-05-18,5.6808055555555494
2129,2021-05-19,5.657279999999995
2130,2021-05-20,5.811339999999999
2131,2021-05-23,5.670819819819822
2132,2021-05-24,5.739997237569062
2133,2021-05-25,5.6027208333333345
2134,2021-05-26,5.667967272727271
2135,2021-05-27,5.432964912280701
2136,2021-05-30,5.679973544973543
2137,2021-05-31,5.623523584905665
2138,2021-06-01,5.681356209150328
2139,2021-06-02,5.669946996466429
2140,2021-06-03,5.591019230769231
2141,2021-06-04,5.661882352941176
2142,2021-06-06,5.702661111111108
2143,2021-06-07,5.725794642857143
2144,2021-06-08,5.623362068965516
2145,2021-06-09,5.645147222222224
2146,2021-06-10,5.739656249999999
2147,2021-06-13,5.70885882352941
2148,2021-06-14,5.737858638743459
2149,2021-06-15,5.558141935483871
2150,2021-06-16,5.609583333333338
2151,2021-06-17,5.809493333333333
2152,2021-06-20,5.656369098712443
2153,2021-06-21,5.7409435897435825
2154,2021-06-22,5.7612821428571435
2155,2021-06-23,5.6160769230769185
2156,2021-06-24,5.751310924369747
2157,2021-06-27,5.7773034188034185
2158,2021-06-28,5.658977272727263
2159,2021-06-29,5.635311284046692
2160,2021-06-30,5.693507204610951
2161,2021-07-01,5.8262857142857145
2162,2021-07-04,5.705123287671228
2163,2021-07-05,5.743503289473683
2164,2021-07-06,5.705331838565021
2165,2021-07-07,5.77129268292683
2166,2021-07-08,5.902322580645164
2167,2021-07-11,5.814741071428574
2168,2021-07-12,5.871605577689239
2169,2021-07-13,5.895363247863244
2170,2021-07-14,5.848187192118223
2171,2021-07-15,5.772192660550457
2172,2021-07-18,5.807311377245514
2173,2021-07-19,5.963790035587183
2174,2021-07-20,5.804121693121694
2175,2021-07-21,5.7285513698630135
2176,2021-07-22,6.074986301369863
2177,2021-07-25,5.7519090909090975
2178,2021-07-26,5.92809411764706
2179,2021-07-27,5.855166666666666
2180,2021-07-28,5.835186379928308
2181,2021-07-29,5.8036521739130436
2182,2021-07-30,6.136333333333333
2183,2021-08-01,5.812666666666666
2184,2021-08-02,5.892320512820516
2185,2021-08-03,5.792794303797463
2186,2021-08-04,5.7736464285714195
2187,2021-08-05,6.068738095238096
2188,2021-08-08,5.961687499999998
2189,2021-08-09,5.821836477987422
2190,2021-08-10,5.869073619631897
2191,2021-08-11,5.6823647540983595
2192,2021-08-12,6.129392857142859
2193,2021-08-13,6.0311176470588235
2194,2021-08-15,5.932381502890178
2195,2021-08-16,5.999216981132069
2196,2021-08-17,5.939764258555128
2197,2021-08-18,5.824033112582776
2198,2021-08-19,6.078146341463416
2199,2021-08-22,5.966225274725284
2200,2021-08-23,6.013195238095241
2201,2021-08-24,6.089497907949786
2202,2021-08-25,6.051367647058825
2203,2021-08-26,5.730288461538464
2204,2021-08-29,5.999373239436624
2205,2021-08-30,6.0319012345679095
2206,2021-08-31,6.040056818181816
2207,2021-09-01,6.0525777777777785
2208,2021-09-02,5.870485294117649
2209,2021-09-05,5.981731843575426
2210,2021-09-06,6.117467084639493
2211,2021-09-07,6.0231411764705864
2212,2021-09-08,6.051535580524344
2213,2021-09-13,6.077222826086957
2214,2021-09-14,6.135904564315351
2215,2021-09-15,6.014267605633808
2216,2021-09-16,6.2669516129032266
2217,2021-09-17,6.053090909090908
2218,2021-09-20,6.154177304964544
2219,2021-09-21,6.070937716262975
2220,2021-09-22,6.031897119341558
2221,2021-09-23,6.1271510791366905
2222,2021-09-27,6.099133116883121
2223,2021-09-28,6.026766447368419
2224,2021-09-29,6.077726591760304
2225,2021-09-30,6.255261627906973
2226,2021-10-04,6.0664306569343065
2227,2021-10-05,6.051616797900247
2228,2021-10-06,6.193776951672862
2229,2021-10-07,6.2346774193548375
2230,2021-10-08,5.9305
2231,2021-10-11,6.282591029023744
2232,2021-10-12,6.298306930693073
2233,2021-10-13,6.417241691842897
2234,2021-10-14,6.283417177914113
2235,2021-10-15,6.4630833333333335
2236,2021-10-18,6.433046610169488
2237,2021-10-19,6.4062138084632565
2238,2021-10-20,6.4137769230769175
2239,2021-10-21,6.2221379310344815
2240,2021-10-22,6.17425
2241,2021-10-25,6.359257510729611
2242,2021-10-26,6.506269662921349
2243,2021-10-27,6.718262711864408
2244,2021-10-28,6.730771276595751
2245,2021-11-01,6.731477987421391
2246,2021-11-02,6.696130081300822
2247,2021-11-03,6.718048346055976
2248,2021-11-04,6.8406201550387555
2249,2021-11-05,6.56525
2250,2021-11-08,6.776775086505189
2251,2021-11-09,6.802895833333332
2252,2021-11-10,6.793185941043073
2253,2021-11-11,6.6553611111111115
2254,2021-11-15,6.757581717451533
2255,2021-11-16,6.783367816091959
2256,2021-11-17,6.755802857142855
2257,2021-11-18,6.789484848484851
2258,2021-11-19,6.863862068965517
2259,2021-11-22,6.666490990990993
2260,2021-11-23,6.748172043010748
2261,2021-11-24,6.767308707124007
2262,2021-11-25,6.921425531914893
2263,2021-11-29,6.85799342105264
2264,2021-11-30,6.683708695652175
2265,2021-12-01,6.811470430107524
2266,2021-12-02,6.561680628272252
2267,2021-12-03,7.22
2268,2021-12-06,6.647192660550451
2269,2021-12-07,6.8204548736462085
2270,2021-12-08,6.697045130641327
2271,2021-12-09,6.690621621621627
2272,2021-12-13,6.640322429906542
2273,2021-12-14,6.767428961748631
2274,2021-12-15,6.7052759856630795
2275,2021-12-16,6.487106951871654
2276,2021-12-20,6.568397435897423
2277,2021-12-21,6.694096525096524
2278,2021-12-22,6.639279999999996
2279,2021-12-23,6.6466257309941525
2280,2021-12-27,6.560434920634914
2281,2021-12-28,6.611237960339931
2282,2021-12-29,6.673592356687899
2283,2021-12-30,6.59361290322581
2284,2022-01-03,6.610169811320756
2285,2022-01-04,6.670630801687754
2286,2022-01-05,6.623728070175433
2287,2022-01-06,6.335232758620692
2288,2022-01-10,6.642055299539171
2289,2022-01-11,6.5819383886255975
2290,2022-01-12,6.57264642082429
2291,2022-01-13,6.590140350877195
2292,2022-01-17,6.717572093023249
2293,2022-01-18,6.7284256055363345
2294,2022-01-19,6.570296089385468
2295,2022-01-20,6.746691860465119
2296,2022-01-21,6.534684210526316
2297,2022-01-24,6.672292553191487
2298,2022-01-25,6.65873144876325
2299,2022-01-26,6.637217494089822
2300,2022-01-27,6.680006944444446
2301,2022-01-31,6.661626984126984
