,Date,USD/BRL
0,2011-01-03,1.647
1,2011-01-04,1.661
2,2011-01-05,1.6737
3,2011-01-06,1.6856
4,2011-01-07,1.6832
5,2011-01-10,1.6888
6,2011-01-11,1.6834
7,2011-01-12,1.6731
8,2011-01-13,1.6726
9,2011-01-14,1.6856
10,2011-01-17,1.6801
11,2011-01-18,1.6742
12,2011-01-19,1.6705
13,2011-01-20,1.6738
14,2011-01-21,1.6764
15,2011-01-24,1.6713
16,2011-01-25,1.6717
17,2011-01-26,1.6678
18,2011-01-27,1.6762
19,2011-01-28,1.6823
20,2011-01-31,1.6675
21,2011-02-01,1.6648
22,2011-02-02,1.6681
23,2011-02-03,1.6683
24,2011-02-04,1.6735
25,2011-02-07,1.6789
26,2011-02-08,1.665
27,2011-02-09,1.6596
28,2011-02-10,1.6686
29,2011-02-11,1.6656
30,2011-02-14,1.667
31,2011-02-15,1.669
32,2011-02-16,1.6705
33,2011-02-17,1.6615
34,2011-02-18,1.6628
35,2011-02-21,1.6684
36,2011-02-22,1.6721
37,2011-02-23,1.6745
38,2011-02-24,1.664
39,2011-02-25,1.6632
40,2011-02-28,1.6638
41,2011-03-01,1.6633
42,2011-03-02,1.6575
43,2011-03-03,1.6489
44,2011-03-04,1.6555
45,2011-03-07,1.6526
46,2011-03-08,1.654
47,2011-03-09,1.6538
48,2011-03-10,1.6623
49,2011-03-11,1.665
50,2011-03-14,1.6593
51,2011-03-15,1.6655
52,2011-03-16,1.6757
53,2011-03-17,1.6782
54,2011-03-18,1.6655
55,2011-03-21,1.6669
56,2011-03-22,1.6595
57,2011-03-23,1.6611
58,2011-03-24,1.6593
59,2011-03-25,1.6615
60,2011-03-28,1.6629
61,2011-03-29,1.646
62,2011-03-30,1.6284
63,2011-03-31,1.632
64,2011-04-01,1.6275
65,2011-04-04,1.6072
66,2011-04-05,1.6082
67,2011-04-06,1.6149
68,2011-04-07,1.586
69,2011-04-08,1.5689
70,2011-04-11,1.5829
71,2011-04-12,1.596
72,2011-04-13,1.5862
73,2011-04-14,1.5778
74,2011-04-15,1.5758
75,2011-04-18,1.5882
76,2011-04-19,1.5755
77,2011-04-20,1.5664
78,2011-04-21,1.564
79,2011-04-22,1.564
80,2011-04-25,1.5685
81,2011-04-26,1.5619
82,2011-04-27,1.5669
83,2011-04-28,1.5817
84,2011-04-29,1.5775
85,2011-05-02,1.5888
86,2011-05-03,1.5883
87,2011-05-04,1.6158
88,2011-05-05,1.6215
89,2011-05-06,1.6153
90,2011-05-09,1.6134
91,2011-05-10,1.6037
92,2011-05-11,1.6209
93,2011-05-12,1.6196
94,2011-05-13,1.6361
95,2011-05-16,1.6346
96,2011-05-17,1.6159
97,2011-05-18,1.6093
98,2011-05-19,1.6165
99,2011-05-20,1.6225
100,2011-05-23,1.6335
101,2011-05-24,1.624
102,2011-05-25,1.6289
103,2011-05-26,1.6158
104,2011-05-27,1.5945
105,2011-05-30,1.5885
106,2011-05-31,1.58
107,2011-06-01,1.5933
108,2011-06-02,1.5754
109,2011-06-03,1.576
110,2011-06-06,1.5841
111,2011-06-07,1.5808
112,2011-06-08,1.5812
113,2011-06-09,1.5829
114,2011-06-10,1.5963
115,2011-06-13,1.5832
116,2011-06-14,1.5828
117,2011-06-15,1.6002
118,2011-06-16,1.6024
119,2011-06-17,1.598
120,2011-06-20,1.5962
121,2011-06-21,1.5865
122,2011-06-22,1.5914
123,2011-06-23,1.5913
124,2011-06-24,1.6044
125,2011-06-27,1.594
126,2011-06-28,1.5762
127,2011-06-29,1.5674
128,2011-06-30,1.5622
129,2011-07-01,1.5573
130,2011-07-04,1.5527
131,2011-07-05,1.5653
132,2011-07-06,1.5692
133,2011-07-07,1.5553
134,2011-07-08,1.5654
135,2011-07-11,1.5803
136,2011-07-12,1.5795
137,2011-07-13,1.5719
138,2011-07-14,1.577
139,2011-07-15,1.5746
140,2011-07-18,1.5771
141,2011-07-19,1.5663
142,2011-07-20,1.5654
143,2011-07-21,1.5527
144,2011-07-22,1.5522
145,2011-07-25,1.5402
146,2011-07-26,1.5383
147,2011-07-27,1.5553
148,2011-07-28,1.567
149,2011-07-29,1.549
150,2011-08-01,1.5666
151,2011-08-02,1.566
152,2011-08-03,1.5621
153,2011-08-04,1.5873
154,2011-08-05,1.5759
155,2011-08-08,1.6265
156,2011-08-09,1.5894
157,2011-08-10,1.6235
158,2011-08-11,1.6272
159,2011-08-12,1.611
160,2011-08-15,1.5882
161,2011-08-16,1.5899
162,2011-08-17,1.5888
163,2011-08-18,1.5989
164,2011-08-19,1.5998
165,2011-08-22,1.6073
166,2011-08-23,1.5968
167,2011-08-24,1.6137
168,2011-08-25,1.6096
169,2011-08-26,1.6031
170,2011-08-29,1.5912
171,2011-08-30,1.5963
172,2011-08-31,1.5892
173,2011-09-01,1.62
174,2011-09-02,1.6415
175,2011-09-05,1.6454
176,2011-09-06,1.6553
177,2011-09-07,1.654
178,2011-09-08,1.6595
179,2011-09-09,1.6729
180,2011-09-12,1.7037
181,2011-09-13,1.71
182,2011-09-14,1.714
183,2011-09-15,1.705
184,2011-09-16,1.7327
185,2011-09-19,1.7997
186,2011-09-20,1.7856
187,2011-09-21,1.8838
188,2011-09-22,1.9033
189,2011-09-23,1.8333
190,2011-09-26,1.8225
191,2011-09-27,1.8042
192,2011-09-28,1.8372
193,2011-09-29,1.8425
194,2011-09-30,1.879
195,2011-10-03,1.893
196,2011-10-04,1.8575
197,2011-10-05,1.8317
198,2011-10-06,1.7805
199,2011-10-07,1.7717
200,2011-10-10,1.7624
201,2011-10-11,1.775
202,2011-10-12,1.775
203,2011-10-13,1.7508
204,2011-10-14,1.7319
205,2011-10-17,1.7736
206,2011-10-18,1.7524
207,2011-10-19,1.7731
208,2011-10-20,1.7812
209,2011-10-21,1.7748
210,2011-10-24,1.7508
211,2011-10-25,1.766
212,2011-10-26,1.7584
213,2011-10-27,1.7095
214,2011-10-28,1.6725
215,2011-10-31,1.7172
216,2011-11-01,1.745
217,2011-11-02,1.736
218,2011-11-03,1.7367
219,2011-11-04,1.7525
220,2011-11-07,1.7464
221,2011-11-08,1.7323
222,2011-11-09,1.7795
223,2011-11-10,1.7614
224,2011-11-11,1.7424
225,2011-11-14,1.7671
226,2011-11-15,1.7721
227,2011-11-16,1.7697
228,2011-11-17,1.7785
229,2011-11-18,1.786
230,2011-11-21,1.8081
231,2011-11-22,1.8184
232,2011-11-23,1.8672
233,2011-11-24,1.8981
234,2011-11-25,1.892
235,2011-11-28,1.8542
236,2011-11-29,1.845
237,2011-11-30,1.8083
238,2011-12-01,1.8
239,2011-12-02,1.7912
240,2011-12-05,1.7857
241,2011-12-06,1.7915
242,2011-12-07,1.7992
243,2011-12-08,1.822
244,2011-12-09,1.7979
245,2011-12-12,1.8439
246,2011-12-13,1.8647
247,2011-12-14,1.8798
248,2011-12-15,1.8602
249,2011-12-16,1.852
250,2011-12-19,1.8687
251,2011-12-20,1.845
252,2011-12-21,1.8607
253,2011-12-22,1.8562
254,2011-12-23,1.8567
255,2011-12-26,1.8558
256,2011-12-27,1.8613
257,2011-12-28,1.874
258,2011-12-29,1.8657
259,2011-12-30,1.8632
260,2012-01-02,1.8708
261,2012-01-03,1.8304
262,2012-01-04,1.8323
263,2012-01-05,1.8437
264,2012-01-06,1.8579
265,2012-01-09,1.8329
266,2012-01-10,1.7995
267,2012-01-11,1.803
268,2012-01-12,1.778
269,2012-01-13,1.7849
270,2012-01-16,1.7859
271,2012-01-17,1.788
272,2012-01-18,1.7649
273,2012-01-19,1.7655
274,2012-01-20,1.7548
275,2012-01-23,1.7552
276,2012-01-24,1.7585
277,2012-01-25,1.7605
278,2012-01-26,1.7505
279,2012-01-27,1.7374
280,2012-01-30,1.75
281,2012-01-31,1.7472
282,2012-02-01,1.7342
283,2012-02-02,1.7195
284,2012-02-03,1.7161
285,2012-02-06,1.7266
286,2012-02-07,1.726
287,2012-02-08,1.7214
288,2012-02-09,1.7163
289,2012-02-10,1.7208
290,2012-02-13,1.7165
291,2012-02-14,1.7211
292,2012-02-15,1.7289
293,2012-02-16,1.7165
294,2012-02-17,1.715
295,2012-02-20,1.7178
296,2012-02-21,1.7175
297,2012-02-22,1.7064
298,2012-02-23,1.7137
299,2012-02-24,1.7094
300,2012-02-27,1.7077
301,2012-02-28,1.695
302,2012-02-29,1.7174
303,2012-03-01,1.7138
304,2012-03-02,1.7311
305,2012-03-05,1.7394
306,2012-03-06,1.7584
307,2012-03-07,1.7665
308,2012-03-08,1.7612
309,2012-03-09,1.7914
310,2012-03-12,1.7995
311,2012-03-13,1.7926
312,2012-03-14,1.8054
313,2012-03-15,1.7991
314,2012-03-16,1.8003
315,2012-03-19,1.8215
316,2012-03-20,1.8144
317,2012-03-21,1.8226
318,2012-03-22,1.8199
319,2012-03-23,1.8106
320,2012-03-26,1.8175
321,2012-03-27,1.8219
322,2012-03-28,1.823
323,2012-03-29,1.8224
324,2012-03-30,1.8264
325,2012-04-02,1.8329
326,2012-04-03,1.8255
327,2012-04-04,1.8263
328,2012-04-05,1.8214
329,2012-04-06,1.8214
330,2012-04-09,1.8173
331,2012-04-10,1.8337
332,2012-04-11,1.8358
333,2012-04-12,1.8272
334,2012-04-13,1.8372
335,2012-04-16,1.8478
336,2012-04-17,1.8612
337,2012-04-18,1.879
338,2012-04-19,1.8806
339,2012-04-20,1.8724
340,2012-04-23,1.8802
341,2012-04-24,1.8821
342,2012-04-25,1.8788
343,2012-04-26,1.8855
344,2012-04-27,1.8861
345,2012-04-30,1.9088
346,2012-05-01,1.9047
347,2012-05-02,1.9243
348,2012-05-03,1.9085
349,2012-05-04,1.9275
350,2012-05-07,1.9194
351,2012-05-08,1.9397
352,2012-05-09,1.9715
353,2012-05-10,1.9529
354,2012-05-11,1.966
355,2012-05-14,1.9951
356,2012-05-15,2.0017
357,2012-05-16,2.0005
358,2012-05-17,2.0092
359,2012-05-18,2.0237
360,2012-05-21,2.0417
361,2012-05-22,2.0907
362,2012-05-23,2.0309
363,2012-05-24,2.0282
364,2012-05-25,1.9846
365,2012-05-28,1.9832
366,2012-05-29,1.9895
367,2012-05-30,2.016
368,2012-05-31,2.0226
369,2012-06-01,2.04
370,2012-06-04,2.056
371,2012-06-05,2.0248
372,2012-06-06,2.0328
373,2012-06-07,2.0328
374,2012-06-08,2.0213
375,2012-06-11,2.0652
376,2012-06-12,2.0684
377,2012-06-13,2.0719
378,2012-06-14,2.0569
379,2012-06-15,2.0484
380,2012-06-18,2.0641
381,2012-06-19,2.0279
382,2012-06-20,2.0256
383,2012-06-21,2.0631
384,2012-06-22,2.0675
385,2012-06-25,2.0613
386,2012-06-26,2.0724
387,2012-06-27,2.0764
388,2012-06-28,2.0765
389,2012-06-29,2.0095
390,2012-07-02,1.9849
391,2012-07-03,2.0156
392,2012-07-04,2.0279
393,2012-07-05,2.0194
394,2012-07-06,2.0281
395,2012-07-09,2.0323
396,2012-07-10,2.0333
397,2012-07-11,2.0345
398,2012-07-12,2.0373
399,2012-07-13,2.037
400,2012-07-16,2.0347
401,2012-07-17,2.022
402,2012-07-18,2.0227
403,2012-07-19,2.0125
404,2012-07-20,2.0236
405,2012-07-23,2.0389
406,2012-07-24,2.0477
407,2012-07-25,2.0331
408,2012-07-26,2.0213
409,2012-07-27,2.0212
410,2012-07-30,2.0405
411,2012-07-31,2.0567
412,2012-08-01,2.0443
413,2012-08-02,2.0497
414,2012-08-03,2.0282
415,2012-08-06,2.0312
416,2012-08-07,2.0285
417,2012-08-08,2.0205
418,2012-08-09,2.013
419,2012-08-10,2.0149
420,2012-08-13,2.0204
421,2012-08-14,2.0266
422,2012-08-15,2.0225
423,2012-08-16,2.0168
424,2012-08-17,2.0155
425,2012-08-20,2.0168
426,2012-08-21,2.0158
427,2012-08-22,2.0165
428,2012-08-23,2.0237
429,2012-08-24,2.0271
430,2012-08-27,2.0342
431,2012-08-28,2.044
432,2012-08-29,2.05
433,2012-08-30,2.0488
434,2012-08-31,2.0293
435,2012-09-03,2.033
436,2012-09-04,2.0427
437,2012-09-05,2.0393
438,2012-09-06,2.0281
439,2012-09-07,2.0281
440,2012-09-10,2.0224
441,2012-09-11,2.0167
442,2012-09-12,2.0271
443,2012-09-13,2.0211
444,2012-09-14,2.0119
445,2012-09-17,2.0329
446,2012-09-18,2.0231
447,2012-09-19,2.0242
448,2012-09-20,2.0213
449,2012-09-21,2.0225
450,2012-09-24,2.0264
451,2012-09-25,2.0315
452,2012-09-26,2.0362
453,2012-09-27,2.0293
454,2012-09-28,2.0257
455,2012-10-01,2.0264
456,2012-10-02,2.0257
457,2012-10-03,2.022
458,2012-10-04,2.0177
459,2012-10-05,2.031
460,2012-10-08,2.0297
461,2012-10-09,2.0362
462,2012-10-10,2.0426
463,2012-10-11,2.0423
464,2012-10-12,2.0445
465,2012-10-15,2.0363
466,2012-10-16,2.033
467,2012-10-17,2.032
468,2012-10-18,2.0263
469,2012-10-19,2.0277
470,2012-10-22,2.0242
471,2012-10-23,2.027
472,2012-10-24,2.0252
473,2012-10-25,2.0252
474,2012-10-26,2.027
475,2012-10-29,2.0335
476,2012-10-30,2.0307
477,2012-10-31,2.0309
478,2012-11-01,2.031
479,2012-11-02,2.0316
480,2012-11-05,2.0353
481,2012-11-06,2.0321
482,2012-11-07,2.0337
483,2012-11-08,2.0404
484,2012-11-09,2.0463
485,2012-11-12,2.051
486,2012-11-13,2.0583
487,2012-11-14,2.0669
488,2012-11-15,2.0665
489,2012-11-16,2.0842
490,2012-11-19,2.0762
491,2012-11-20,2.0805
492,2012-11-21,2.0988
493,2012-11-22,2.1048
494,2012-11-23,2.0816
495,2012-11-26,2.083
496,2012-11-27,2.0842
497,2012-11-28,2.0928
498,2012-11-29,2.0987
499,2012-11-30,2.1361
500,2012-12-03,2.1193
501,2012-12-04,2.1197
502,2012-12-05,2.0878
503,2012-12-06,2.0774
504,2012-12-07,2.0747
505,2012-12-10,2.0768
506,2012-12-11,2.0787
507,2012-12-12,2.072
508,2012-12-13,2.0852
509,2012-12-14,2.0856
510,2012-12-17,2.0995
511,2012-12-18,2.089
512,2012-12-19,2.0716
513,2012-12-20,2.0694
514,2012-12-21,2.0783
515,2012-12-24,2.0783
516,2012-12-25,2.0783
517,2012-12-26,2.0491
518,2012-12-27,2.0434
519,2012-12-28,2.0475
520,2012-12-31,2.0485
521,2013-01-01,2.0485
522,2013-01-02,2.0452
523,2013-01-03,2.0459
524,2013-01-04,2.0347
525,2013-01-07,2.0267
526,2013-01-08,2.0415
527,2013-01-09,2.0381
528,2013-01-10,2.029
529,2013-01-11,2.0332
530,2013-01-14,2.0318
531,2013-01-15,2.0358
532,2013-01-16,2.0424
533,2013-01-17,2.0385
534,2013-01-18,2.0408
535,2013-01-21,2.0418
536,2013-01-22,2.0429
537,2013-01-23,2.0354
538,2013-01-24,2.03
539,2013-01-25,2.03
540,2013-01-28,1.9958
541,2013-01-29,1.9859
542,2013-01-30,1.9914
543,2013-01-31,1.9908
544,2013-02-01,1.9878
545,2013-02-04,1.996
546,2013-02-05,1.9845
547,2013-02-06,1.9903
548,2013-02-07,1.9667
549,2013-02-08,1.9732
550,2013-02-11,1.9728
551,2013-02-12,1.969
552,2013-02-13,1.9647
553,2013-02-14,1.9577
554,2013-02-15,1.9688
555,2013-02-18,1.9634
556,2013-02-19,1.9543
557,2013-02-20,1.9611
558,2013-02-21,1.9735
559,2013-02-22,1.9727
560,2013-02-25,1.983
561,2013-02-26,1.9825
562,2013-02-27,1.9732
563,2013-02-28,1.9803
564,2013-03-01,1.9792
565,2013-03-04,1.9708
566,2013-03-05,1.9644
567,2013-03-06,1.9708
568,2013-03-07,1.9607
569,2013-03-08,1.9447
570,2013-03-11,1.9567
571,2013-03-12,1.9647
572,2013-03-13,1.9723
573,2013-03-14,1.9717
574,2013-03-15,1.9817
575,2013-03-18,1.982
576,2013-03-19,1.9855
577,2013-03-20,1.9903
578,2013-03-21,2.0082
579,2013-03-22,2.0091
580,2013-03-25,2.0123
581,2013-03-26,2.0173
582,2013-03-27,2.011
583,2013-03-28,2.0224
584,2013-03-29,2.0242
585,2013-04-01,2.0205
586,2013-04-02,2.019
587,2013-04-03,2.0245
588,2013-04-04,2.0137
589,2013-04-05,1.986
590,2013-04-08,1.9922
591,2013-04-09,1.9811
592,2013-04-10,1.9743
593,2013-04-11,1.9737
594,2013-04-12,1.9695
595,2013-04-15,2.0012
596,2013-04-16,1.987
597,2013-04-17,2.0012
598,2013-04-18,2.0187
599,2013-04-19,2.0108
600,2013-04-22,2.0213
601,2013-04-23,2.0248
602,2013-04-24,2.0109
603,2013-04-25,2.0017
604,2013-04-26,1.9988
605,2013-04-29,2.0082
606,2013-04-30,2.0017
607,2013-05-01,2.0015
608,2013-05-02,2.0097
609,2013-05-03,2.0091
610,2013-05-06,2.0096
611,2013-05-07,2.0079
612,2013-05-08,2.0055
613,2013-05-09,2.0137
614,2013-05-10,2.0201
615,2013-05-13,2.0074
616,2013-05-14,2.0204
617,2013-05-15,2.0229
618,2013-05-16,2.0268
619,2013-05-17,2.0353
620,2013-05-20,2.0398
621,2013-05-21,2.0413
622,2013-05-22,2.049
623,2013-05-23,2.0442
624,2013-05-24,2.0518
625,2013-05-27,2.0545
626,2013-05-28,2.0757
627,2013-05-29,2.1106
628,2013-05-30,2.1103
629,2013-05-31,2.1423
630,2013-06-03,2.1243
631,2013-06-04,2.1258
632,2013-06-05,2.1288
633,2013-06-06,2.1304
634,2013-06-07,2.1321
635,2013-06-10,2.1466
636,2013-06-11,2.1323
637,2013-06-12,2.156
638,2013-06-13,2.1218
639,2013-06-14,2.1528
640,2013-06-17,2.1705
641,2013-06-18,2.181
642,2013-06-19,2.225
643,2013-06-20,2.2586
644,2013-06-21,2.242
645,2013-06-24,2.226
646,2013-06-25,2.2139
647,2013-06-26,2.187
648,2013-06-27,2.1989
649,2013-06-28,2.2321
650,2013-07-01,2.2283
651,2013-07-02,2.2546
652,2013-07-03,2.2681
653,2013-07-04,2.248
654,2013-07-05,2.2525
655,2013-07-08,2.2642
656,2013-07-09,2.2571
657,2013-07-10,2.2643
658,2013-07-11,2.2538
659,2013-07-12,2.2673
660,2013-07-15,2.2193
661,2013-07-16,2.2531
662,2013-07-17,2.2257
663,2013-07-18,2.2271
664,2013-07-19,2.2467
665,2013-07-22,2.2328
666,2013-07-23,2.2134
667,2013-07-24,2.2513
668,2013-07-25,2.2428
669,2013-07-26,2.2568
670,2013-07-29,2.2687
671,2013-07-30,2.2832
672,2013-07-31,2.2771
673,2013-08-01,2.3045
674,2013-08-02,2.2876
675,2013-08-05,2.3058
676,2013-08-06,2.2991
677,2013-08-07,2.314
678,2013-08-08,2.2844
679,2013-08-09,2.2717
680,2013-08-12,2.2873
681,2013-08-13,2.3138
682,2013-08-14,2.3244
683,2013-08-15,2.3407
684,2013-08-16,2.3925
685,2013-08-19,2.4129
686,2013-08-20,2.3936
687,2013-08-21,2.4524
688,2013-08-22,2.4348
689,2013-08-23,2.3486
690,2013-08-26,2.3792
691,2013-08-27,2.372
692,2013-08-28,2.3442
693,2013-08-29,2.3598
694,2013-08-30,2.3862
695,2013-09-02,2.378
696,2013-09-03,2.3585
697,2013-09-04,2.3605
698,2013-09-05,2.3249
699,2013-09-06,2.3066
700,2013-09-09,2.2763
701,2013-09-10,2.2836
702,2013-09-11,2.2772
703,2013-09-12,2.2752
704,2013-09-13,2.2803
705,2013-09-16,2.2843
706,2013-09-17,2.256
707,2013-09-18,2.1865
708,2013-09-19,2.2026
709,2013-09-20,2.2102
710,2013-09-23,2.1986
711,2013-09-24,2.201
712,2013-09-25,2.2324
713,2013-09-26,2.2459
714,2013-09-27,2.2523
715,2013-09-30,2.2162
716,2013-10-01,2.2157
717,2013-10-02,2.1914
718,2013-10-03,2.207
719,2013-10-04,2.212
720,2013-10-07,2.2047
721,2013-10-08,2.2115
722,2013-10-09,2.2075
723,2013-10-10,2.1799
724,2013-10-11,2.174
725,2013-10-14,2.1816
726,2013-10-15,2.1777
727,2013-10-16,2.1806
728,2013-10-17,2.1525
729,2013-10-18,2.1689
730,2013-10-21,2.1735
731,2013-10-22,2.1725
732,2013-10-23,2.1881
733,2013-10-24,2.204
734,2013-10-25,2.1877
735,2013-10-28,2.1805
736,2013-10-29,2.185
737,2013-10-30,2.184
738,2013-10-31,2.2401
739,2013-11-01,2.2567
740,2013-11-04,2.2458
741,2013-11-05,2.2823
742,2013-11-06,2.2855
743,2013-11-07,2.3058
744,2013-11-08,2.3142
745,2013-11-11,2.3308
746,2013-11-12,2.3333
747,2013-11-13,2.3335
748,2013-11-14,2.3137
749,2013-11-15,2.319
750,2013-11-18,2.2633
751,2013-11-19,2.2713
752,2013-11-20,2.2717
753,2013-11-21,2.3062
754,2013-11-22,2.2788
755,2013-11-25,2.2837
756,2013-11-26,2.2967
757,2013-11-27,2.33
758,2013-11-28,2.3176
759,2013-11-29,2.3358
760,2013-12-02,2.3559
761,2013-12-03,2.3758
762,2013-12-04,2.3914
763,2013-12-05,2.3612
764,2013-12-06,2.3267
765,2013-12-09,2.3197
766,2013-12-10,2.309
767,2013-12-11,2.3413
768,2013-12-12,2.3327
769,2013-12-13,2.33
770,2013-12-16,2.3278
771,2013-12-17,2.3194
772,2013-12-18,2.3262
773,2013-12-19,2.3535
774,2013-12-20,2.3876
775,2013-12-23,2.3571
776,2013-12-24,2.3573
777,2013-12-25,2.3571
778,2013-12-26,2.3518
779,2013-12-27,2.3384
780,2013-12-30,2.3621
781,2013-12-31,2.3621
782,2014-01-01,2.3621
783,2014-01-02,2.3876
784,2014-01-03,2.3765
785,2014-01-06,2.3761
786,2014-01-07,2.3725
787,2014-01-08,2.3967
788,2014-01-09,2.3904
789,2014-01-10,2.3584
790,2014-01-13,2.3598
791,2014-01-14,2.3503
792,2014-01-15,2.3605
793,2014-01-16,2.3636
794,2014-01-17,2.3426
795,2014-01-20,2.3442
796,2014-01-21,2.3575
797,2014-01-22,2.3731
798,2014-01-23,2.3959
799,2014-01-24,2.3982
800,2014-01-27,2.4215
801,2014-01-28,2.4263
802,2014-01-29,2.4352
803,2014-01-30,2.4118
804,2014-01-31,2.4127
805,2014-02-03,2.4402
806,2014-02-04,2.4055
807,2014-02-05,2.3986
808,2014-02-06,2.3825
809,2014-02-07,2.3802
810,2014-02-10,2.409
811,2014-02-11,2.4005
812,2014-02-12,2.4255
813,2014-02-13,2.3938
814,2014-02-14,2.3891
815,2014-02-17,2.39
816,2014-02-18,2.3955
817,2014-02-19,2.3942
818,2014-02-20,2.3704
819,2014-02-21,2.3456
820,2014-02-24,2.3392
821,2014-02-25,2.3411
822,2014-02-26,2.3497
823,2014-02-27,2.322
824,2014-02-28,2.3384
825,2014-03-03,2.3441
826,2014-03-04,2.3412
827,2014-03-05,2.3181
828,2014-03-06,2.3232
829,2014-03-07,2.3406
830,2014-03-10,2.3498
831,2014-03-11,2.3642
832,2014-03-12,2.3525
833,2014-03-13,2.3641
834,2014-03-14,2.3465
835,2014-03-17,2.3495
836,2014-03-18,2.3342
837,2014-03-19,2.3478
838,2014-03-20,2.3281
839,2014-03-21,2.3246
840,2014-03-24,2.3225
841,2014-03-25,2.3114
842,2014-03-26,2.3041
843,2014-03-27,2.2593
844,2014-03-28,2.2618
845,2014-03-31,2.2721
846,2014-04-01,2.2607
847,2014-04-02,2.2691
848,2014-04-03,2.2793
849,2014-04-04,2.236
850,2014-04-07,2.2189
851,2014-04-08,2.2012
852,2014-04-09,2.1856
853,2014-04-10,2.2067
854,2014-04-11,2.2184
855,2014-04-14,2.214
856,2014-04-15,2.2329
857,2014-04-16,2.2436
858,2014-04-17,2.2376
859,2014-04-18,2.2372
860,2014-04-21,2.237
861,2014-04-22,2.238
862,2014-04-23,2.2212
863,2014-04-24,2.2138
864,2014-04-25,2.2445
865,2014-04-28,2.2237
866,2014-04-29,2.2359
867,2014-04-30,2.233
868,2014-05-01,2.2335
869,2014-05-02,2.22
870,2014-05-05,2.2431
871,2014-05-06,2.2292
872,2014-05-07,2.2166
873,2014-05-08,2.2153
874,2014-05-09,2.2128
875,2014-05-12,2.2145
876,2014-05-13,2.2151
877,2014-05-14,2.2025
878,2014-05-15,2.2203
879,2014-05-16,2.2146
880,2014-05-19,2.2058
881,2014-05-20,2.2165
882,2014-05-21,2.2075
883,2014-05-22,2.2153
884,2014-05-23,2.2235
885,2014-05-26,2.2239
886,2014-05-27,2.2378
887,2014-05-28,2.2325
888,2014-05-29,2.2252
889,2014-05-30,2.2408
890,2014-06-02,2.2769
891,2014-06-03,2.2805
892,2014-06-04,2.2781
893,2014-06-05,2.2617
894,2014-06-06,2.2475
895,2014-06-09,2.2277
896,2014-06-10,2.2225
897,2014-06-11,2.2335
898,2014-06-12,2.23
899,2014-06-13,2.2241
900,2014-06-16,2.2343
901,2014-06-17,2.2618
902,2014-06-18,2.228
903,2014-06-19,2.2225
904,2014-06-20,2.2295
905,2014-06-23,2.218
906,2014-06-24,2.2252
907,2014-06-25,2.2078
908,2014-06-26,2.1969
909,2014-06-27,2.194
910,2014-06-30,2.2143
911,2014-07-01,2.2018
912,2014-07-02,2.2252
913,2014-07-03,2.2103
914,2014-07-04,2.2132
915,2014-07-07,2.224
916,2014-07-08,2.2123
917,2014-07-09,2.2123
918,2014-07-10,2.2192
919,2014-07-11,2.2208
920,2014-07-14,2.2107
921,2014-07-15,2.2199
922,2014-07-16,2.2238
923,2014-07-17,2.2582
924,2014-07-18,2.2255
925,2014-07-21,2.22
926,2014-07-22,2.213
927,2014-07-23,2.2182
928,2014-07-24,2.2228
929,2014-07-25,2.229
930,2014-07-28,2.2222
931,2014-07-29,2.2305
932,2014-07-30,2.2454
933,2014-07-31,2.2639
934,2014-08-01,2.2574
935,2014-08-04,2.2584
936,2014-08-05,2.2818
937,2014-08-06,2.2738
938,2014-08-07,2.2957
939,2014-08-08,2.2812
940,2014-08-11,2.2755
941,2014-08-12,2.2767
942,2014-08-13,2.2803
943,2014-08-14,2.2666
944,2014-08-15,2.2598
945,2014-08-18,2.2576
946,2014-08-19,2.2467
947,2014-08-20,2.2623
948,2014-08-21,2.2687
949,2014-08-22,2.2778
950,2014-08-25,2.2883
951,2014-08-26,2.2618
952,2014-08-27,2.2471
953,2014-08-28,2.2415
954,2014-08-29,2.236
955,2014-09-01,2.2458
956,2014-09-02,2.2435
957,2014-09-03,2.237
958,2014-09-04,2.2431
959,2014-09-05,2.2405
960,2014-09-08,2.2677
961,2014-09-09,2.2868
962,2014-09-10,2.2885
963,2014-09-11,2.298
964,2014-09-12,2.3392
965,2014-09-15,2.3427
966,2014-09-16,2.3325
967,2014-09-17,2.3583
968,2014-09-18,2.3646
969,2014-09-19,2.3682
970,2014-09-22,2.3984
971,2014-09-23,2.4118
972,2014-09-24,2.3836
973,2014-09-25,2.4283
974,2014-09-26,2.42
975,2014-09-29,2.447
976,2014-09-30,2.4462
977,2014-10-01,2.4815
978,2014-10-02,2.4952
979,2014-10-03,2.4588
980,2014-10-06,2.4238
981,2014-10-07,2.3961
982,2014-10-08,2.3769
983,2014-10-09,2.3982
984,2014-10-10,2.4295
985,2014-10-13,2.3942
986,2014-10-14,2.4002
987,2014-10-15,2.4583
988,2014-10-16,2.4728
989,2014-10-17,2.4356
990,2014-10-20,2.4652
991,2014-10-21,2.4809
992,2014-10-22,2.4873
993,2014-10-23,2.4988
994,2014-10-24,2.4739
995,2014-10-27,2.5226
996,2014-10-28,2.4613
997,2014-10-29,2.4612
998,2014-10-30,2.4036
999,2014-10-31,2.4783
1000,2014-11-03,2.4966
1001,2014-11-04,2.497
1002,2014-11-05,2.5049
1003,2014-11-06,2.5697
1004,2014-11-07,2.5587
1005,2014-11-10,2.5528
1006,2014-11-11,2.5575
1007,2014-11-12,2.5665
1008,2014-11-13,2.5889
1009,2014-11-14,2.6018
1010,2014-11-17,2.6081
1011,2014-11-18,2.5825
1012,2014-11-19,2.572
1013,2014-11-20,2.5731
1014,2014-11-21,2.5153
1015,2014-11-24,2.5457
1016,2014-11-25,2.5303
1017,2014-11-26,2.5011
1018,2014-11-27,2.5304
1019,2014-11-28,2.5659
1020,2014-12-01,2.56
1021,2014-12-02,2.5682
1022,2014-12-03,2.5525
1023,2014-12-04,2.5915
1024,2014-12-05,2.5895
1025,2014-12-08,2.6004
1026,2014-12-09,2.593
1027,2014-12-10,2.6162
1028,2014-12-11,2.6498
1029,2014-12-12,2.6545
1030,2014-12-15,2.6955
1031,2014-12-16,2.7384
1032,2014-12-17,2.7154
1033,2014-12-18,2.6625
1034,2014-12-19,2.6598
1035,2014-12-22,2.6645
1036,2014-12-23,2.6946
1037,2014-12-24,2.6955
1038,2014-12-25,2.6957
1039,2014-12-26,2.6685
1040,2014-12-29,2.7027
1041,2014-12-30,2.6575
1042,2014-12-31,2.6575
1043,2015-01-01,2.6575
1044,2015-01-02,2.6941
1045,2015-01-05,2.7064
1046,2015-01-06,2.7001
1047,2015-01-07,2.6835
1048,2015-01-08,2.663
1049,2015-01-09,2.6301
1050,2015-01-12,2.6734
1051,2015-01-13,2.643
1052,2015-01-14,2.6159
1053,2015-01-15,2.6422
1054,2015-01-16,2.621
1055,2015-01-19,2.6517
1056,2015-01-20,2.6138
1057,2015-01-21,2.6005
1058,2015-01-22,2.5745
1059,2015-01-23,2.5797
1060,2015-01-26,2.5835
1061,2015-01-27,2.5724
1062,2015-01-28,2.5764
1063,2015-01-29,2.6035
1064,2015-01-30,2.6824
1065,2015-02-02,2.7271
1066,2015-02-03,2.6945
1067,2015-02-04,2.7418
1068,2015-02-05,2.7451
1069,2015-02-06,2.7825
1070,2015-02-09,2.7698
1071,2015-02-10,2.8343
1072,2015-02-11,2.8693
1073,2015-02-12,2.821
1074,2015-02-13,2.8346
1075,2015-02-16,2.8346
1076,2015-02-17,2.8296
1077,2015-02-18,2.8374
1078,2015-02-19,2.8665
1079,2015-02-20,2.868
1080,2015-02-23,2.8788
1081,2015-02-24,2.833
1082,2015-02-25,2.875
1083,2015-02-26,2.9085
1084,2015-02-27,2.839
1085,2015-03-02,2.8965
1086,2015-03-03,2.9311
1087,2015-03-04,2.9766
1088,2015-03-05,3.0035
1089,2015-03-06,3.0617
1090,2015-03-09,3.1223
1091,2015-03-10,3.1022
1092,2015-03-11,3.1257
1093,2015-03-12,3.1661
1094,2015-03-13,3.2492
1095,2015-03-16,3.2488
1096,2015-03-17,3.2395
1097,2015-03-18,3.2097
1098,2015-03-19,3.2921
1099,2015-03-20,3.2293
1100,2015-03-23,3.1322
1101,2015-03-24,3.1398
1102,2015-03-25,3.2012
1103,2015-03-26,3.1828
1104,2015-03-27,3.2496
1105,2015-03-30,3.2306
1106,2015-03-31,3.1958
1107,2015-04-01,3.1655
1108,2015-04-02,3.1205
1109,2015-04-03,3.121
1110,2015-04-06,3.1263
1111,2015-04-07,3.1288
1112,2015-04-08,3.0495
1113,2015-04-09,3.0591
1114,2015-04-10,3.0756
1115,2015-04-13,3.1212
1116,2015-04-14,3.0634
1117,2015-04-15,3.0294
1118,2015-04-16,3.0221
1119,2015-04-17,3.0409
1120,2015-04-20,3.033
1121,2015-04-21,3.034
1122,2015-04-22,3.0113
1123,2015-04-23,2.9707
1124,2015-04-24,2.9517
1125,2015-04-27,2.9173
1126,2015-04-28,2.9364
1127,2015-04-29,2.9612
1128,2015-04-30,3.0145
1129,2015-05-01,3.0146
1130,2015-05-04,3.0864
1131,2015-05-05,3.0536
1132,2015-05-06,3.0333
1133,2015-05-07,3.026
1134,2015-05-08,2.9733
1135,2015-05-11,3.0614
1136,2015-05-12,3.0206
1137,2015-05-13,3.0403
1138,2015-05-14,2.9935
1139,2015-05-15,2.9972
1140,2015-05-18,3.0076
1141,2015-05-19,3.0394
1142,2015-05-20,3.0027
1143,2015-05-21,3.0379
1144,2015-05-22,3.0949
1145,2015-05-25,3.0968
1146,2015-05-26,3.1536
1147,2015-05-27,3.1409
1148,2015-05-28,3.1624
1149,2015-05-29,3.1798
1150,2015-06-01,3.1718
1151,2015-06-02,3.1306
1152,2015-06-03,3.1345
1153,2015-06-04,3.1418
1154,2015-06-05,3.1439
1155,2015-06-08,3.1132
1156,2015-06-09,3.0966
1157,2015-06-10,3.1187
1158,2015-06-11,3.0896
1159,2015-06-12,3.1185
1160,2015-06-15,3.13
1161,2015-06-16,3.0885
1162,2015-06-17,3.057
1163,2015-06-18,3.0605
1164,2015-06-19,3.0976
1165,2015-06-22,3.0814
1166,2015-06-23,3.076
1167,2015-06-24,3.0979
1168,2015-06-25,3.1277
1169,2015-06-26,3.1295
1170,2015-06-29,3.1178
1171,2015-06-30,3.103
1172,2015-07-01,3.1498
1173,2015-07-02,3.0967
1174,2015-07-03,3.1347
1175,2015-07-06,3.1391
1176,2015-07-07,3.1867
1177,2015-07-08,3.2346
1178,2015-07-09,3.2203
1179,2015-07-10,3.1593
1180,2015-07-13,3.1348
1181,2015-07-14,3.1399
1182,2015-07-15,3.1391
1183,2015-07-16,3.1587
1184,2015-07-17,3.1881
1185,2015-07-20,3.1981
1186,2015-07-21,3.1717
1187,2015-07-22,3.2239
1188,2015-07-23,3.286
1189,2015-07-24,3.3556
1190,2015-07-27,3.364
1191,2015-07-28,3.3577
1192,2015-07-29,3.3308
1193,2015-07-30,3.3715
1194,2015-07-31,3.4212
1195,2015-08-03,3.4514
1196,2015-08-04,3.4712
1197,2015-08-05,3.4867
1198,2015-08-06,3.5361
1199,2015-08-07,3.5071
1200,2015-08-10,3.4345
1201,2015-08-11,3.475
1202,2015-08-12,3.481
1203,2015-08-13,3.5194
1204,2015-08-14,3.4845
1205,2015-08-17,3.4812
1206,2015-08-18,3.4681
1207,2015-08-19,3.4932
1208,2015-08-20,3.457
1209,2015-08-21,3.5007
1210,2015-08-24,3.5534
1211,2015-08-25,3.6175
1212,2015-08-26,3.5963
1213,2015-08-27,3.551
1214,2015-08-28,3.5823
1215,2015-08-31,3.6193
1216,2015-09-01,3.702
1217,2015-09-02,3.7591
1218,2015-09-03,3.738
1219,2015-09-04,3.8442
1220,2015-09-07,3.8387
1221,2015-09-08,3.82
1222,2015-09-09,3.7783
1223,2015-09-10,3.8498
1224,2015-09-11,3.8705
1225,2015-09-14,3.815
1226,2015-09-15,3.8634
1227,2015-09-16,3.8289
1228,2015-09-17,3.899
1229,2015-09-18,3.9459
1230,2015-09-21,3.9857
1231,2015-09-22,4.0497
1232,2015-09-23,4.178
1233,2015-09-24,3.9368
1234,2015-09-25,3.9777
1235,2015-09-28,4.1083
1236,2015-09-29,4.0634
1237,2015-09-30,3.9491
1238,2015-10-01,4.01
1239,2015-10-02,3.9331
1240,2015-10-05,3.912
1241,2015-10-06,3.8539
1242,2015-10-07,3.8838
1243,2015-10-08,3.7839
1244,2015-10-09,3.766
1245,2015-10-12,3.7639
1246,2015-10-13,3.8937
1247,2015-10-14,3.8119
1248,2015-10-15,3.8032
1249,2015-10-16,3.9245
1250,2015-10-19,3.8857
1251,2015-10-20,3.9073
1252,2015-10-21,3.9414
1253,2015-10-22,3.9088
1254,2015-10-23,3.8807
1255,2015-10-26,3.906
1256,2015-10-27,3.8883
1257,2015-10-28,3.9094
1258,2015-10-29,3.8509
1259,2015-10-30,3.8564
1260,2015-11-02,3.8507
1261,2015-11-03,3.7712
1262,2015-11-04,3.8003
1263,2015-11-05,3.7813
1264,2015-11-06,3.7713
1265,2015-11-09,3.799
1266,2015-11-10,3.751
1267,2015-11-11,3.7639
1268,2015-11-12,3.771
1269,2015-11-13,3.8456
1270,2015-11-16,3.8194
1271,2015-11-17,3.8105
1272,2015-11-18,3.7668
1273,2015-11-19,3.7181
1274,2015-11-20,3.7052
1275,2015-11-23,3.733
1276,2015-11-24,3.7
1277,2015-11-25,3.7425
1278,2015-11-26,3.7431
1279,2015-11-27,3.8464
1280,2015-11-30,3.869
1281,2015-12-01,3.8575
1282,2015-12-02,3.8352
1283,2015-12-03,3.7596
1284,2015-12-04,3.7521
1285,2015-12-07,3.7681
1286,2015-12-08,3.7962
1287,2015-12-09,3.7502
1288,2015-12-10,3.8126
1289,2015-12-11,3.873
1290,2015-12-14,3.8779
1291,2015-12-15,3.873
1292,2015-12-16,3.8848
1293,2015-12-17,3.8796
1294,2015-12-18,3.9824
1295,2015-12-21,4.0134
1296,2015-12-22,3.9899
1297,2015-12-23,3.9419
1298,2015-12-24,3.953
1299,2015-12-25,3.9463
1300,2015-12-28,3.8586
1301,2015-12-29,3.8655
1302,2015-12-30,3.9608
1303,2015-12-31,3.9608
1304,2016-01-01,3.9608
1305,2016-01-04,4.0402
1306,2016-01-05,4.0077
1307,2016-01-06,4.0244
1308,2016-01-07,4.0448
1309,2016-01-08,4.0245
1310,2016-01-11,4.0537
1311,2016-01-12,4.029
1312,2016-01-13,4.0158
1313,2016-01-14,3.9996
1314,2016-01-15,4.0479
1315,2016-01-18,4.0557
1316,2016-01-19,4.0626
1317,2016-01-20,4.0971
1318,2016-01-21,4.1575
1319,2016-01-22,4.0945
1320,2016-01-25,4.0903
1321,2016-01-26,4.0536
1322,2016-01-27,4.1077
1323,2016-01-28,4.0699
1324,2016-01-29,3.9988
1325,2016-02-01,3.9629
1326,2016-02-02,3.9895
1327,2016-02-03,3.8954
1328,2016-02-04,3.8897
1329,2016-02-05,3.9035
1330,2016-02-08,3.8954
1331,2016-02-09,3.8856
1332,2016-02-10,3.9285
1333,2016-02-11,3.9946
1334,2016-02-12,4.0027
1335,2016-02-15,4.006
1336,2016-02-16,4.0723
1337,2016-02-17,3.9851
1338,2016-02-18,4.0284
1339,2016-02-19,4.0214
1340,2016-02-22,3.9473
1341,2016-02-23,3.9569
1342,2016-02-24,3.9591
1343,2016-02-25,3.956
1344,2016-02-26,3.9933
1345,2016-02-29,4.0171
1346,2016-03-01,3.9275
1347,2016-03-02,3.8932
1348,2016-03-03,3.7991
1349,2016-03-04,3.7593
1350,2016-03-07,3.783
1351,2016-03-08,3.7556
1352,2016-03-09,3.6849
1353,2016-03-10,3.6215
1354,2016-03-11,3.582
1355,2016-03-14,3.6618
1356,2016-03-15,3.7656
1357,2016-03-16,3.7422
1358,2016-03-17,3.6267
1359,2016-03-18,3.624
1360,2016-03-21,3.6178
1361,2016-03-22,3.5812
1362,2016-03-23,3.6854
1363,2016-03-24,3.6771
1364,2016-03-25,3.6835
1365,2016-03-28,3.6278
1366,2016-03-29,3.6386
1367,2016-03-30,3.6002
1368,2016-03-31,3.5935
1369,2016-04-01,3.5538
1370,2016-04-04,3.624
1371,2016-04-05,3.6805
1372,2016-04-06,3.6413
1373,2016-04-07,3.6905
1374,2016-04-08,3.5901
1375,2016-04-11,3.4924
1376,2016-04-12,3.4928
1377,2016-04-13,3.4983
1378,2016-04-14,3.4838
1379,2016-04-15,3.5332
1380,2016-04-18,3.6155
1381,2016-04-19,3.5341
1382,2016-04-20,3.5299
1383,2016-04-21,3.5386
1384,2016-04-22,3.5646
1385,2016-04-25,3.5558
1386,2016-04-26,3.5297
1387,2016-04-27,3.5267
1388,2016-04-28,3.4878
1389,2016-04-29,3.4358
1390,2016-05-02,3.5011
1391,2016-05-03,3.5599
1392,2016-05-04,3.5473
1393,2016-05-05,3.5349
1394,2016-05-06,3.5023
1395,2016-05-09,3.5164
1396,2016-05-10,3.4758
1397,2016-05-11,3.4528
1398,2016-05-12,3.4855
1399,2016-05-13,3.534
1400,2016-05-16,3.5001
1401,2016-05-17,3.4888
1402,2016-05-18,3.5683
1403,2016-05-19,3.5644
1404,2016-05-20,3.5202
1405,2016-05-23,3.5728
1406,2016-05-24,3.5713
1407,2016-05-25,3.5836
1408,2016-05-26,3.5825
1409,2016-05-27,3.6116
1410,2016-05-30,3.5713
1411,2016-05-31,3.6111
1412,2016-06-01,3.6007
1413,2016-06-02,3.5926
1414,2016-06-03,3.524
1415,2016-06-06,3.4896
1416,2016-06-07,3.4421
1417,2016-06-08,3.363
1418,2016-06-09,3.401
1419,2016-06-10,3.4188
1420,2016-06-13,3.4827
1421,2016-06-14,3.4812
1422,2016-06-15,3.4741
1423,2016-06-16,3.4661
1424,2016-06-17,3.4163
1425,2016-06-20,3.3945
1426,2016-06-21,3.4158
1427,2016-06-22,3.377
1428,2016-06-23,3.339
1429,2016-06-24,3.3739
1430,2016-06-27,3.3926
1431,2016-06-28,3.3029
1432,2016-06-29,3.222
1433,2016-06-30,3.2134
1434,2016-07-01,3.2361
1435,2016-07-04,3.2695
1436,2016-07-05,3.3024
1437,2016-07-06,3.33
1438,2016-07-07,3.3678
1439,2016-07-08,3.3006
1440,2016-07-11,3.3094
1441,2016-07-12,3.296
1442,2016-07-13,3.2637
1443,2016-07-14,3.2511
1444,2016-07-15,3.282
1445,2016-07-18,3.2532
1446,2016-07-19,3.249
1447,2016-07-20,3.2591
1448,2016-07-21,3.2722
1449,2016-07-22,3.2565
1450,2016-07-25,3.286
1451,2016-07-26,3.2768
1452,2016-07-27,3.2637
1453,2016-07-28,3.2892
1454,2016-07-29,3.2486
1455,2016-08-01,3.2649
1456,2016-08-02,3.2571
1457,2016-08-03,3.2377
1458,2016-08-04,3.1937
1459,2016-08-05,3.166
1460,2016-08-08,3.1749
1461,2016-08-09,3.1456
1462,2016-08-10,3.1271
1463,2016-08-11,3.1449
1464,2016-08-12,3.1925
1465,2016-08-15,3.1862
1466,2016-08-16,3.2027
1467,2016-08-17,3.2036
1468,2016-08-18,3.2393
1469,2016-08-19,3.2038
1470,2016-08-22,3.2014
1471,2016-08-23,3.2337
1472,2016-08-24,3.2257
1473,2016-08-25,3.2367
1474,2016-08-26,3.2655
1475,2016-08-29,3.2298
1476,2016-08-30,3.2419
1477,2016-08-31,3.2272
1478,2016-09-01,3.2582
1479,2016-09-02,3.2568
1480,2016-09-05,3.2833
1481,2016-09-06,3.1952
1482,2016-09-07,3.193
1483,2016-09-08,3.2143
1484,2016-09-09,3.2735
1485,2016-09-12,3.2458
1486,2016-09-13,3.3138
1487,2016-09-14,3.3426
1488,2016-09-15,3.3024
1489,2016-09-16,3.2622
1490,2016-09-19,3.2732
1491,2016-09-20,3.2589
1492,2016-09-21,3.2071
1493,2016-09-22,3.2208
1494,2016-09-23,3.245
1495,2016-09-26,3.2401
1496,2016-09-27,3.2346
1497,2016-09-28,3.2167
1498,2016-09-29,3.2595
1499,2016-09-30,3.2603
1500,2016-10-03,3.2105
1501,2016-10-04,3.2578
1502,2016-10-05,3.2202
1503,2016-10-06,3.2298
1504,2016-10-07,3.2204
1505,2016-10-10,3.2065
1506,2016-10-11,3.1953
1507,2016-10-12,3.2025
1508,2016-10-13,3.178
1509,2016-10-14,3.2051
1510,2016-10-17,3.2022
1511,2016-10-18,3.1888
1512,2016-10-19,3.1697
1513,2016-10-20,3.1433
1514,2016-10-21,3.1511
1515,2016-10-24,3.1246
1516,2016-10-25,3.1151
1517,2016-10-26,3.1409
1518,2016-10-27,3.1701
1519,2016-10-28,3.2065
1520,2016-10-31,3.1893
1521,2016-11-01,3.2367
1522,2016-11-02,3.2359
1523,2016-11-03,3.2425
1524,2016-11-04,3.2337
1525,2016-11-07,3.202
1526,2016-11-08,3.1695
1527,2016-11-09,3.2172
1528,2016-11-10,3.3864
1529,2016-11-11,3.3915
1530,2016-11-14,3.4331
1531,2016-11-15,3.4404
1532,2016-11-16,3.42
1533,2016-11-17,3.4193
1534,2016-11-18,3.3835
1535,2016-11-21,3.3525
1536,2016-11-22,3.355
1537,2016-11-23,3.3945
1538,2016-11-24,3.3915
1539,2016-11-25,3.4223
1540,2016-11-28,3.3859
1541,2016-11-29,3.399
1542,2016-11-30,3.3842
1543,2016-12-01,3.4718
1544,2016-12-02,3.4755
1545,2016-12-05,3.4215
1546,2016-12-06,3.408
1547,2016-12-07,3.383
1548,2016-12-08,3.3755
1549,2016-12-09,3.3785
1550,2016-12-12,3.3388
1551,2016-12-13,3.3355
1552,2016-12-14,3.3705
1553,2016-12-15,3.3695
1554,2016-12-16,3.392
1555,2016-12-19,3.365
1556,2016-12-20,3.3547
1557,2016-12-21,3.327
1558,2016-12-22,3.2875
1559,2016-12-23,3.271
1560,2016-12-26,3.277
1561,2016-12-27,3.2712
1562,2016-12-28,3.2845
1563,2016-12-29,3.2547
1564,2016-12-30,3.2547
1565,2017-01-02,3.2857
1566,2017-01-03,3.2652
1567,2017-01-04,3.2163
1568,2017-01-05,3.199
1569,2017-01-06,3.2241
1570,2017-01-09,3.1969
1571,2017-01-10,3.1961
1572,2017-01-11,3.1975
1573,2017-01-12,3.1881
1574,2017-01-13,3.2213
1575,2017-01-16,3.2418
1576,2017-01-17,3.2115
1577,2017-01-18,3.2309
1578,2017-01-19,3.1965
1579,2017-01-20,3.169
1580,2017-01-23,3.1633
1581,2017-01-24,3.1702
1582,2017-01-25,3.1702
1583,2017-01-26,3.178
1584,2017-01-27,3.141
1585,2017-01-30,3.127
1586,2017-01-31,3.1509
1587,2017-02-01,3.1295
1588,2017-02-02,3.124
1589,2017-02-03,3.1177
1590,2017-02-06,3.116
1591,2017-02-07,3.1205
1592,2017-02-08,3.1175
1593,2017-02-09,3.1301
1594,2017-02-10,3.1158
1595,2017-02-13,3.1116
1596,2017-02-14,3.085
1597,2017-02-15,3.0575
1598,2017-02-16,3.0892
1599,2017-02-17,3.1048
1600,2017-02-20,3.087
1601,2017-02-21,3.0951
1602,2017-02-22,3.064
1603,2017-02-23,3.0595
1604,2017-02-24,3.111
1605,2017-02-27,3.109
1606,2017-02-28,3.1091
1607,2017-03-01,3.09
1608,2017-03-02,3.1565
1609,2017-03-03,3.1158
1610,2017-03-06,3.1386
1611,2017-03-07,3.1195
1612,2017-03-08,3.1631
1613,2017-03-09,3.1932
1614,2017-03-10,3.1395
1615,2017-03-13,3.1529
1616,2017-03-14,3.1685
1617,2017-03-15,3.1037
1618,2017-03-16,3.1185
1619,2017-03-17,3.0918
1620,2017-03-20,3.0726
1621,2017-03-21,3.0884
1622,2017-03-22,3.088
1623,2017-03-23,3.1395
1624,2017-03-24,3.1086
1625,2017-03-27,3.1265
1626,2017-03-28,3.1412
1627,2017-03-29,3.1199
1628,2017-03-30,3.1495
1629,2017-03-31,3.1233
1630,2017-04-03,3.1147
1631,2017-04-04,3.0939
1632,2017-04-05,3.1203
1633,2017-04-06,3.1426
1634,2017-04-07,3.1462
1635,2017-04-10,3.132
1636,2017-04-11,3.1372
1637,2017-04-12,3.1258
1638,2017-04-13,3.1444
1639,2017-04-14,3.1448
1640,2017-04-17,3.0985
1641,2017-04-18,3.1079
1642,2017-04-19,3.1522
1643,2017-04-20,3.1486
1644,2017-04-21,3.1482
1645,2017-04-24,3.128
1646,2017-04-25,3.1471
1647,2017-04-26,3.1723
1648,2017-04-27,3.1834
1649,2017-04-28,3.1767
1650,2017-05-01,3.1765
1651,2017-05-02,3.1517
1652,2017-05-03,3.1652
1653,2017-05-04,3.1885
1654,2017-05-05,3.1774
1655,2017-05-08,3.198
1656,2017-05-09,3.1902
1657,2017-05-10,3.1678
1658,2017-05-11,3.1403
1659,2017-05-12,3.1218
1660,2017-05-15,3.1113
1661,2017-05-16,3.0964
1662,2017-05-17,3.138
1663,2017-05-18,3.371
1664,2017-05-19,3.253
1665,2017-05-22,3.2656
1666,2017-05-23,3.2705
1667,2017-05-24,3.2784
1668,2017-05-25,3.2736
1669,2017-05-26,3.2601
1670,2017-05-29,3.2567
1671,2017-05-30,3.2577
1672,2017-05-31,3.2266
1673,2017-06-01,3.2506
1674,2017-06-02,3.2483
1675,2017-06-05,3.2969
1676,2017-06-06,3.2778
1677,2017-06-07,3.2695
1678,2017-06-08,3.2617
1679,2017-06-09,3.2971
1680,2017-06-12,3.3181
1681,2017-06-13,3.3154
1682,2017-06-14,3.2741
1683,2017-06-15,3.275
1684,2017-06-16,3.2933
1685,2017-06-19,3.2828
1686,2017-06-20,3.327
1687,2017-06-21,3.3362
1688,2017-06-22,3.3425
1689,2017-06-23,3.343
1690,2017-06-26,3.2964
1691,2017-06-27,3.3135
1692,2017-06-28,3.2805
1693,2017-06-29,3.3043
1694,2017-06-30,3.3072
1695,2017-07-03,3.3015
1696,2017-07-04,3.3093
1697,2017-07-05,3.2889
1698,2017-07-06,3.2962
1699,2017-07-07,3.2813
1700,2017-07-10,3.2557
1701,2017-07-11,3.2548
1702,2017-07-12,3.2078
1703,2017-07-13,3.2138
1704,2017-07-14,3.1799
1705,2017-07-17,3.1833
1706,2017-07-18,3.1545
1707,2017-07-19,3.149
1708,2017-07-20,3.1208
1709,2017-07-21,3.1418
1710,2017-07-24,3.147
1711,2017-07-25,3.1726
1712,2017-07-26,3.1387
1713,2017-07-27,3.153
1714,2017-07-28,3.1319
1715,2017-07-31,3.1264
1716,2017-08-01,3.1265
1717,2017-08-02,3.1137
1718,2017-08-03,3.1125
1719,2017-08-04,3.1314
1720,2017-08-07,3.1265
1721,2017-08-08,3.1269
1722,2017-08-09,3.1559
1723,2017-08-10,3.1757
1724,2017-08-11,3.1938
1725,2017-08-14,3.189
1726,2017-08-15,3.1695
1727,2017-08-16,3.1524
1728,2017-08-17,3.1751
1729,2017-08-18,3.1465
1730,2017-08-21,3.1645
1731,2017-08-22,3.1611
1732,2017-08-23,3.1414
1733,2017-08-24,3.1481
1734,2017-08-25,3.1603
1735,2017-08-28,3.167
1736,2017-08-29,3.1652
1737,2017-08-30,3.1603
1738,2017-08-31,3.1479
1739,2017-09-01,3.1416
1740,2017-09-04,3.1417
1741,2017-09-05,3.1174
1742,2017-09-06,3.1004
1743,2017-09-07,3.0993
1744,2017-09-08,3.0868
1745,2017-09-11,3.1029
1746,2017-09-12,3.1251
1747,2017-09-13,3.1353
1748,2017-09-14,3.119
1749,2017-09-15,3.1085
1750,2017-09-18,3.1368
1751,2017-09-19,3.135
1752,2017-09-20,3.1325
1753,2017-09-21,3.1377
1754,2017-09-22,3.125
1755,2017-09-25,3.16
1756,2017-09-26,3.1666
1757,2017-09-27,3.1932
1758,2017-09-28,3.1825
1759,2017-09-29,3.1619
1760,2017-10-02,3.1544
1761,2017-10-03,3.1427
1762,2017-10-04,3.1352
1763,2017-10-05,3.1544
1764,2017-10-06,3.1561
1765,2017-10-09,3.1888
1766,2017-10-10,3.1795
1767,2017-10-11,3.1724
1768,2017-10-12,3.1705
1769,2017-10-13,3.1452
1770,2017-10-16,3.1712
1771,2017-10-17,3.158
1772,2017-10-18,3.1711
1773,2017-10-19,3.1671
1774,2017-10-20,3.1925
1775,2017-10-23,3.2378
1776,2017-10-24,3.2435
1777,2017-10-25,3.2332
1778,2017-10-26,3.2905
1779,2017-10-27,3.2363
1780,2017-10-30,3.2891
1781,2017-10-31,3.2728
1782,2017-11-01,3.2676
1783,2017-11-02,3.268
1784,2017-11-03,3.3144
1785,2017-11-06,3.2495
1786,2017-11-07,3.2714
1787,2017-11-08,3.2548
1788,2017-11-09,3.2521
1789,2017-11-10,3.2779
1790,2017-11-13,3.2794
1791,2017-11-14,3.3131
1792,2017-11-15,3.3133
1793,2017-11-16,3.274
1794,2017-11-17,3.2574
1795,2017-11-20,3.2573
1796,2017-11-21,3.2588
1797,2017-11-22,3.2243
1798,2017-11-23,3.2219
1799,2017-11-24,3.233
1800,2017-11-27,3.2278
1801,2017-11-28,3.2131
1802,2017-11-29,3.2461
1803,2017-11-30,3.2727
1804,2017-12-01,3.2581
1805,2017-12-04,3.2442
1806,2017-12-05,3.2418
1807,2017-12-06,3.2357
1808,2017-12-07,3.2907
1809,2017-12-08,3.2919
1810,2017-12-11,3.3048
1811,2017-12-12,3.3065
1812,2017-12-13,3.31
1813,2017-12-14,3.3419
1814,2017-12-15,3.2947
1815,2017-12-18,3.2923
1816,2017-12-19,3.29
1817,2017-12-20,3.2979
1818,2017-12-21,3.3084
1819,2017-12-22,3.337
1820,2017-12-25,3.337
1821,2017-12-26,3.3111
1822,2017-12-27,3.315
1823,2017-12-28,3.3125
1824,2017-12-29,3.3125
1825,2018-01-01,3.3125
1826,2018-01-02,3.2591
1827,2018-01-03,3.237
1828,2018-01-04,3.2347
1829,2018-01-05,3.2291
1830,2018-01-08,3.2407
1831,2018-01-09,3.2483
1832,2018-01-10,3.2283
1833,2018-01-11,3.2155
1834,2018-01-12,3.2064
1835,2018-01-15,3.2163
1836,2018-01-16,3.2243
1837,2018-01-17,3.2238
1838,2018-01-18,3.2065
1839,2018-01-19,3.1962
1840,2018-01-22,3.2021
1841,2018-01-23,3.237
1842,2018-01-24,3.1465
1843,2018-01-25,3.1485
1844,2018-01-26,3.151
1845,2018-01-29,3.155
1846,2018-01-30,3.1812
1847,2018-01-31,3.1859
1848,2018-02-01,3.1669
1849,2018-02-02,3.2181
1850,2018-02-05,3.2625
1851,2018-02-06,3.2348
1852,2018-02-07,3.2714
1853,2018-02-08,3.2858
1854,2018-02-09,3.2942
1855,2018-02-12,3.2954
1856,2018-02-13,3.2957
1857,2018-02-14,3.2174
1858,2018-02-15,3.2279
1859,2018-02-16,3.2312
1860,2018-02-19,3.2347
1861,2018-02-20,3.2557
1862,2018-02-21,3.2692
1863,2018-02-22,3.2502
1864,2018-02-23,3.2379
1865,2018-02-26,3.2258
1866,2018-02-27,3.2516
1867,2018-02-28,3.2462
1868,2018-03-01,3.2515
1869,2018-03-02,3.2528
1870,2018-03-05,3.243
1871,2018-03-06,3.2117
1872,2018-03-07,3.2454
1873,2018-03-08,3.2669
1874,2018-03-09,3.2553
1875,2018-03-12,3.2622
1876,2018-03-13,3.2607
1877,2018-03-14,3.2607
1878,2018-03-15,3.2862
1879,2018-03-16,3.2811
1880,2018-03-19,3.2862
1881,2018-03-20,3.3117
1882,2018-03-21,3.2725
1883,2018-03-22,3.3159
1884,2018-03-23,3.3123
1885,2018-03-26,3.3119
1886,2018-03-27,3.3288
1887,2018-03-28,3.3205
1888,2018-03-29,3.306
1889,2018-03-30,3.3051
1890,2018-04-02,3.3111
1891,2018-04-03,3.3413
1892,2018-04-04,3.3297
1893,2018-04-05,3.3449
1894,2018-04-06,3.3697
1895,2018-04-09,3.42
1896,2018-04-10,3.4088
1897,2018-04-11,3.3746
1898,2018-04-12,3.4132
1899,2018-04-13,3.4223
1900,2018-04-16,3.4194
1901,2018-04-17,3.4079
1902,2018-04-18,3.3804
1903,2018-04-19,3.3885
1904,2018-04-20,3.413
1905,2018-04-23,3.4527
1906,2018-04-24,3.4714
1907,2018-04-25,3.485
1908,2018-04-26,3.4755
1909,2018-04-27,3.4568
1910,2018-04-30,3.5072
1911,2018-05-01,3.5076
1912,2018-05-02,3.5518
1913,2018-05-03,3.5282
1914,2018-05-04,3.5304
1915,2018-05-07,3.5534
1916,2018-05-08,3.5636
1917,2018-05-09,3.5924
1918,2018-05-10,3.5502
1919,2018-05-11,3.5999
1920,2018-05-14,3.6231
1921,2018-05-15,3.654
1922,2018-05-16,3.6761
1923,2018-05-17,3.6966
1924,2018-05-18,3.737
1925,2018-05-21,3.6772
1926,2018-05-22,3.6448
1927,2018-05-23,3.6288
1928,2018-05-24,3.6495
1929,2018-05-25,3.6524
1930,2018-05-28,3.7352
1931,2018-05-29,3.7254
1932,2018-05-30,3.7241
1933,2018-05-31,3.7235
1934,2018-06-01,3.7633
1935,2018-06-04,3.7468
1936,2018-06-05,3.8068
1937,2018-06-06,3.8488
1938,2018-06-07,3.9078
1939,2018-06-08,3.7094
1940,2018-06-11,3.7097
1941,2018-06-12,3.7185
1942,2018-06-13,3.7201
1943,2018-06-14,3.806
1944,2018-06-15,3.7297
1945,2018-06-18,3.747
1946,2018-06-19,3.7471
1947,2018-06-20,3.7714
1948,2018-06-21,3.7691
1949,2018-06-22,3.786
1950,2018-06-25,3.7767
1951,2018-06-26,3.8016
1952,2018-06-27,3.8628
1953,2018-06-28,3.8624
1954,2018-06-29,3.8771
1955,2018-07-02,3.913
1956,2018-07-03,3.8975
1957,2018-07-04,3.9138
1958,2018-07-05,3.9327
1959,2018-07-06,3.8628
1960,2018-07-09,3.8727
1961,2018-07-10,3.8152
1962,2018-07-11,3.8773
1963,2018-07-12,3.8822
1964,2018-07-13,3.8518
1965,2018-07-16,3.8605
1966,2018-07-17,3.8388
1967,2018-07-18,3.8513
1968,2018-07-19,3.8295
1969,2018-07-20,3.7681
1970,2018-07-23,3.7827
1971,2018-07-24,3.7481
1972,2018-07-25,3.6886
1973,2018-07-26,3.7462
1974,2018-07-27,3.7114
1975,2018-07-30,3.7307
1976,2018-07-31,3.7564
1977,2018-08-01,3.7499
1978,2018-08-02,3.7503
1979,2018-08-03,3.708
1980,2018-08-06,3.7363
1981,2018-08-07,3.7515
1982,2018-08-08,3.7721
1983,2018-08-09,3.8015
1984,2018-08-10,3.8597
1985,2018-08-13,3.884
1986,2018-08-14,3.8673
1987,2018-08-15,3.9055
1988,2018-08-16,3.9071
1989,2018-08-17,3.9116
1990,2018-08-20,3.97
1991,2018-08-21,4.0478
1992,2018-08-22,4.0425
1993,2018-08-23,4.1155
1994,2018-08-24,4.102
1995,2018-08-27,4.0775
1996,2018-08-28,4.1342
1997,2018-08-29,4.1074
1998,2018-08-30,4.1495
1999,2018-08-31,4.0556
2000,2018-09-03,4.159
2001,2018-09-04,4.1602
2002,2018-09-05,4.1466
2003,2018-09-06,4.0589
2004,2018-09-07,4.0596
2005,2018-09-10,4.0867
2006,2018-09-11,4.1535
2007,2018-09-12,4.1579
2008,2018-09-13,4.2077
2009,2018-09-14,4.1742
2010,2018-09-17,4.1324
2011,2018-09-18,4.1604
2012,2018-09-19,4.1315
2013,2018-09-20,4.0771
2014,2018-09-21,4.0516
2015,2018-09-24,4.0928
2016,2018-09-25,4.0756
2017,2018-09-26,4.0322
2018,2018-09-27,4.0123
2019,2018-09-28,4.0491
2020,2018-10-01,4.0181
2021,2018-10-02,3.9414
2022,2018-10-03,3.9015
2023,2018-10-04,3.8745
2024,2018-10-05,3.8413
2025,2018-10-08,3.779
2026,2018-10-09,3.7155
2027,2018-10-10,3.7555
2028,2018-10-11,3.7812
2029,2018-10-12,3.783
2030,2018-10-15,3.7358
2031,2018-10-16,3.7252
2032,2018-10-17,3.6875
2033,2018-10-18,3.7217
2034,2018-10-19,3.7149
2035,2018-10-22,3.686
2036,2018-10-23,3.6943
2037,2018-10-24,3.735
2038,2018-10-25,3.7058
2039,2018-10-26,3.6429
2040,2018-10-29,3.7187
2041,2018-10-30,3.6974
2042,2018-10-31,3.722
2043,2018-11-01,3.7012
2044,2018-11-02,3.6967
2045,2018-11-05,3.7262
2046,2018-11-06,3.7615
2047,2018-11-07,3.7318
2048,2018-11-08,3.7605
2049,2018-11-09,3.7335
2050,2018-11-12,3.7675
2051,2018-11-13,3.8032
2052,2018-11-14,3.7841
2053,2018-11-15,3.7843
2054,2018-11-16,3.7435
2055,2018-11-19,3.757
2056,2018-11-20,3.7572
2057,2018-11-21,3.7976
2058,2018-11-22,3.8045
2059,2018-11-23,3.8282
2060,2018-11-26,3.941
2061,2018-11-27,3.8752
2062,2018-11-28,3.851
2063,2018-11-29,3.8528
2064,2018-11-30,3.8669
2065,2018-12-03,3.8423
2066,2018-12-04,3.8525
2067,2018-12-05,3.8686
2068,2018-12-06,3.8793
2069,2018-12-07,3.9075
2070,2018-12-10,3.9181
2071,2018-12-11,3.904
2072,2018-12-12,3.8555
2073,2018-12-13,3.8911
2074,2018-12-14,3.9171
2075,2018-12-17,3.8995
2076,2018-12-18,3.9124
2077,2018-12-19,3.8977
2078,2018-12-20,3.8422
2079,2018-12-21,3.904
2080,2018-12-24,3.904
2081,2018-12-25,3.904
2082,2018-12-26,3.922
2083,2018-12-27,3.8735
2084,2018-12-28,3.8812
2085,2018-12-31,3.8812
2086,2019-01-01,3.8812
2087,2019-01-02,3.79
2088,2019-01-03,3.7565
2089,2019-01-04,3.7155
2090,2019-01-07,3.7356
2091,2019-01-08,3.7133
2092,2019-01-09,3.6807
2093,2019-01-10,3.7105
2094,2019-01-11,3.7113
2095,2019-01-14,3.699
2096,2019-01-15,3.7172
2097,2019-01-16,3.7366
2098,2019-01-17,3.7504
2099,2019-01-18,3.7517
2100,2019-01-21,3.755
2101,2019-01-22,3.8152
2102,2019-01-23,3.7663
2103,2019-01-24,3.7733
2104,2019-01-25,3.7707
2105,2019-01-28,3.7619
2106,2019-01-29,3.7202
2107,2019-01-30,3.685
2108,2019-01-31,3.644
2109,2019-02-01,3.6597
2110,2019-02-04,3.6687
2111,2019-02-05,3.6699
2112,2019-02-06,3.6983
2113,2019-02-07,3.7167
2114,2019-02-08,3.7292
2115,2019-02-11,3.7577
2116,2019-02-12,3.7098
2117,2019-02-13,3.7544
2118,2019-02-14,3.7233
2119,2019-02-15,3.7008
2120,2019-02-18,3.7353
2121,2019-02-19,3.723
2122,2019-02-20,3.7277
2123,2019-02-21,3.7695
2124,2019-02-22,3.7485
2125,2019-02-25,3.7522
2126,2019-02-26,3.7489
2127,2019-02-27,3.7287
2128,2019-02-28,3.7514
2129,2019-03-01,3.7752
2130,2019-03-04,3.7755
2131,2019-03-05,3.7755
2132,2019-03-06,3.84
2133,2019-03-07,3.8704
2134,2019-03-08,3.8669
2135,2019-03-11,3.8403
2136,2019-03-12,3.8114
2137,2019-03-13,3.8147
2138,2019-03-14,3.8442
2139,2019-03-15,3.8144
2140,2019-03-18,3.7915
2141,2019-03-19,3.7892
2142,2019-03-20,3.7763
2143,2019-03-21,3.793
2144,2019-03-22,3.9071
2145,2019-03-25,3.8544
2146,2019-03-26,3.8773
2147,2019-03-27,3.9935
2148,2019-03-28,3.901
2149,2019-03-29,3.9247
2150,2019-04-01,3.8518
2151,2019-04-02,3.8537
2152,2019-04-03,3.87
2153,2019-04-04,3.859
2154,2019-04-05,3.8735
2155,2019-04-08,3.8495
2156,2019-04-09,3.851
2157,2019-04-10,3.8251
2158,2019-04-11,3.8582
2159,2019-04-12,3.8819
2160,2019-04-15,3.8723
2161,2019-04-16,3.904
2162,2019-04-17,3.9382
2163,2019-04-18,3.9273
2164,2019-04-19,3.9275
2165,2019-04-22,3.9365
2166,2019-04-23,3.9211
2167,2019-04-24,3.9927
2168,2019-04-25,3.9542
2169,2019-04-26,3.9292
2170,2019-04-29,3.9456
2171,2019-04-30,3.9215
2172,2019-05-01,3.9202
2173,2019-05-02,3.9661
2174,2019-05-03,3.9382
2175,2019-05-06,3.9695
2176,2019-05-07,3.971
2177,2019-05-08,3.9285
2178,2019-05-09,3.9466
2179,2019-05-10,3.9572
2180,2019-05-13,3.9939
2181,2019-05-14,3.9751
2182,2019-05-15,4.0017
2183,2019-05-16,4.047
2184,2019-05-17,4.0999
2185,2019-05-20,4.0968
2186,2019-05-21,4.039
2187,2019-05-22,4.0403
2188,2019-05-23,4.0401
2189,2019-05-24,4.0225
2190,2019-05-27,4.0423
2191,2019-05-28,4.0247
2192,2019-05-29,3.9747
2193,2019-05-30,3.9818
2194,2019-05-31,3.9228
2195,2019-06-03,3.8859
2196,2019-06-04,3.8548
2197,2019-06-05,3.8811
2198,2019-06-06,3.8799
2199,2019-06-07,3.8789
2200,2019-06-10,3.8887
2201,2019-06-11,3.8571
2202,2019-06-12,3.8672
2203,2019-06-13,3.8487
2204,2019-06-14,3.8959
2205,2019-06-17,3.8883
2206,2019-06-18,3.8604
2207,2019-06-19,3.839
2208,2019-06-20,3.839
2209,2019-06-21,3.8192
2210,2019-06-24,3.8254
2211,2019-06-25,3.848
2212,2019-06-26,3.8445
2213,2019-06-27,3.8196
2214,2019-06-28,3.852
2215,2019-07-01,3.8405
2216,2019-07-02,3.8456
2217,2019-07-03,3.8272
2218,2019-07-04,3.8011
2219,2019-07-05,3.8221
2220,2019-07-08,3.8073
2221,2019-07-09,3.8005
2222,2019-07-10,3.7546
2223,2019-07-11,3.7551
2224,2019-07-12,3.7373
2225,2019-07-15,3.7567
2226,2019-07-16,3.7687
2227,2019-07-17,3.7641
2228,2019-07-18,3.7194
2229,2019-07-19,3.7494
2230,2019-07-22,3.7407
2231,2019-07-23,3.7737
2232,2019-07-24,3.7736
2233,2019-07-25,3.779
2234,2019-07-26,3.7762
2235,2019-07-29,3.7816
2236,2019-07-30,3.7906
2237,2019-07-31,3.8129
2238,2019-08-01,3.8403
2239,2019-08-02,3.8893
2240,2019-08-05,3.9783
2241,2019-08-06,3.9612
2242,2019-08-07,3.9691
2243,2019-08-08,3.9199
2244,2019-08-09,3.9416
2245,2019-08-12,3.9855
2246,2019-08-13,3.966
2247,2019-08-14,4.0526
2248,2019-08-15,3.991
2249,2019-08-16,4.0058
2250,2019-08-19,4.0743
2251,2019-08-20,4.0542
2252,2019-08-21,4.0269
2253,2019-08-22,4.0707
2254,2019-08-23,4.1198
2255,2019-08-26,4.1571
2256,2019-08-27,4.1311
2257,2019-08-28,4.1682
2258,2019-08-29,4.1687
2259,2019-08-30,4.1454
2260,2019-09-02,4.1871
2261,2019-09-03,4.1681
2262,2019-09-04,4.0951
2263,2019-09-05,4.1095
2264,2019-09-06,4.0618
2265,2019-09-09,4.0953
2266,2019-09-10,4.0808
2267,2019-09-11,4.068
2268,2019-09-12,4.0608
2269,2019-09-13,4.0849
2270,2019-09-16,4.081
2271,2019-09-17,4.0777
2272,2019-09-18,4.1112
2273,2019-09-19,4.1678
2274,2019-09-20,4.148
2275,2019-09-23,4.1638
2276,2019-09-24,4.165
2277,2019-09-25,4.1491
2278,2019-09-26,4.1711
2279,2019-09-27,4.1602
2280,2019-09-30,4.1556
2281,2019-10-01,4.1591
2282,2019-10-02,4.1293
2283,2019-10-03,4.084
2284,2019-10-04,4.0556
2285,2019-10-07,4.1071
2286,2019-10-08,4.0954
2287,2019-10-09,4.1104
2288,2019-10-10,4.1095
2289,2019-10-11,4.1097
2290,2019-10-14,4.1265
2291,2019-10-15,4.1807
2292,2019-10-16,4.1518
2293,2019-10-17,4.1643
2294,2019-10-18,4.1118
2295,2019-10-21,4.1294
2296,2019-10-22,4.0819
2297,2019-10-23,4.0345
2298,2019-10-24,4.0414
2299,2019-10-25,4.0038
2300,2019-10-28,3.991
2301,2019-10-29,3.9986
2302,2019-10-30,3.9909
2303,2019-10-31,4.0184
2304,2019-11-01,3.9904
2305,2019-11-04,4.0156
2306,2019-11-05,3.9938
2307,2019-11-06,4.0837
2308,2019-11-07,4.1007
2309,2019-11-08,4.1635
2310,2019-11-11,4.1518
2311,2019-11-12,4.1677
2312,2019-11-13,4.1705
2313,2019-11-14,4.1951
2314,2019-11-15,4.1962
2315,2019-11-18,4.218
2316,2019-11-19,4.1945
2317,2019-11-20,4.1965
2318,2019-11-21,4.1932
2319,2019-11-22,4.1966
2320,2019-11-25,4.2269
2321,2019-11-26,4.2332
2322,2019-11-27,4.2638
2323,2019-11-28,4.1903
2324,2019-11-29,4.2367
2325,2019-12-02,4.2234
2326,2019-12-03,4.2066
2327,2019-12-04,4.208
2328,2019-12-05,4.186
2329,2019-12-06,4.1414
2330,2019-12-09,4.1425
2331,2019-12-10,4.147
2332,2019-12-11,4.1242
2333,2019-12-12,4.0908
2334,2019-12-13,4.1082
2335,2019-12-16,4.0632
2336,2019-12-17,4.0718
2337,2019-12-18,4.0634
2338,2019-12-19,4.0697
2339,2019-12-20,4.1025
2340,2019-12-23,4.0836
2341,2019-12-24,4.0838
2342,2019-12-25,4.0838
2343,2019-12-26,4.056
2344,2019-12-27,4.0459
2345,2019-12-30,4.0195
2346,2019-12-31,4.0195
2347,2020-01-01,4.0195
2348,2020-01-02,4.0263
2349,2020-01-03,4.0672
2350,2020-01-06,4.0618
2351,2020-01-07,4.0679
2352,2020-01-08,4.0649
2353,2020-01-09,4.0928
2354,2020-01-10,4.0962
2355,2020-01-13,4.1469
2356,2020-01-14,4.133
2357,2020-01-15,4.1756
2358,2020-01-16,4.1851
2359,2020-01-17,4.162
2360,2020-01-20,4.1902
2361,2020-01-21,4.2126
2362,2020-01-22,4.1829
2363,2020-01-23,4.1707
2364,2020-01-24,4.1816
2365,2020-01-27,4.2077
2366,2020-01-28,4.1945
2367,2020-01-29,4.2306
2368,2020-01-30,4.2432
2369,2020-01-31,4.2824
2370,2020-02-03,4.248
2371,2020-02-04,4.2547
2372,2020-02-05,4.2357
2373,2020-02-06,4.2825
2374,2020-02-07,4.3206
2375,2020-02-10,4.3251
2376,2020-02-11,4.3318
2377,2020-02-12,4.3552
2378,2020-02-13,4.3502
2379,2020-02-14,4.2976
2380,2020-02-17,4.3272
2381,2020-02-18,4.3559
2382,2020-02-19,4.3653
2383,2020-02-20,4.3935
2384,2020-02-21,4.3897
2385,2020-02-24,4.3883
2386,2020-02-25,4.3883
2387,2020-02-26,4.4505
2388,2020-02-27,4.4863
2389,2020-02-28,4.4735
2390,2020-03-02,4.4744
2391,2020-03-03,4.5148
2392,2020-03-04,4.585
2393,2020-03-05,4.6076
2394,2020-03-06,4.6272
2395,2020-03-09,4.7246
2396,2020-03-10,4.6439
2397,2020-03-11,4.8152
2398,2020-03-12,4.7916
2399,2020-03-13,4.8596
2400,2020-03-16,5.0005
2401,2020-03-17,5.01
2402,2020-03-18,5.1075
2403,2020-03-19,5.096
2404,2020-03-20,5.064
2405,2020-03-23,5.1447
2406,2020-03-24,5.0995
2407,2020-03-25,5.0366
2408,2020-03-26,5.0219
2409,2020-03-27,5.1005
2410,2020-03-30,5.1943
2411,2020-03-31,5.2054
2412,2020-04-01,5.2495
2413,2020-04-02,5.2536
2414,2020-04-03,5.3508
2415,2020-04-06,5.2873
2416,2020-04-07,5.2229
2417,2020-04-08,5.1241
2418,2020-04-09,5.1073
2419,2020-04-10,5.1068
2420,2020-04-13,5.2007
2421,2020-04-14,5.1636
2422,2020-04-15,5.2385
2423,2020-04-16,5.2336
2424,2020-04-17,5.2373
2425,2020-04-20,5.3175
2426,2020-04-21,5.3168
2427,2020-04-22,5.4582
2428,2020-04-23,5.5351
2429,2020-04-24,5.5915
2430,2020-04-27,5.6542
2431,2020-04-28,5.5011
2432,2020-04-29,5.3361
2433,2020-04-30,5.4876
2434,2020-05-01,5.4861
2435,2020-05-04,5.5459
2436,2020-05-05,5.5797
2437,2020-05-06,5.7155
2438,2020-05-07,5.8324
2439,2020-05-08,5.7329
2440,2020-05-11,5.8191
2441,2020-05-12,5.8864
2442,2020-05-13,5.887
2443,2020-05-14,5.813
2444,2020-05-15,5.8571
2445,2020-05-18,5.7204
2446,2020-05-19,5.7557
2447,2020-05-20,5.6934
2448,2020-05-21,5.5524
2449,2020-05-22,5.5341
2450,2020-05-25,5.4467
2451,2020-05-26,5.346
2452,2020-05-27,5.2743
2453,2020-05-28,5.4059
2454,2020-05-29,5.337
2455,2020-06-01,5.3651
2456,2020-06-02,5.2017
2457,2020-06-03,5.0637
2458,2020-06-04,5.12
2459,2020-06-05,4.9592
2460,2020-06-08,4.8235
2461,2020-06-09,4.9002
2462,2020-06-10,4.9745
2463,2020-06-11,4.9765
2464,2020-06-12,5.0518
2465,2020-06-15,5.156
2466,2020-06-16,5.2445
2467,2020-06-17,5.2288
2468,2020-06-18,5.3779
2469,2020-06-19,5.3121
2470,2020-06-22,5.2537
2471,2020-06-23,5.1545
2472,2020-06-24,5.3479
2473,2020-06-25,5.3564
2474,2020-06-26,5.4857
2475,2020-06-29,5.4037
2476,2020-06-30,5.4672
2477,2020-07-01,5.3186
2478,2020-07-02,5.3599
2479,2020-07-03,5.3161
2480,2020-07-06,5.3572
2481,2020-07-07,5.3793
2482,2020-07-08,5.3438
2483,2020-07-09,5.343
2484,2020-07-10,5.324
2485,2020-07-13,5.4042
2486,2020-07-14,5.3684
2487,2020-07-15,5.3716
2488,2020-07-16,5.3314
2489,2020-07-17,5.3864
2490,2020-07-20,5.3286
2491,2020-07-21,5.1728
2492,2020-07-22,5.1179
2493,2020-07-23,5.2119
2494,2020-07-24,5.2334
2495,2020-07-27,5.1457
2496,2020-07-28,5.1536
2497,2020-07-29,5.1695
2498,2020-07-30,5.1552
2499,2020-07-31,5.2242
2500,2020-08-03,5.3216
2501,2020-08-04,5.2912
2502,2020-08-05,5.2916
2503,2020-08-06,5.3327
2504,2020-08-07,5.4386
2505,2020-08-10,5.4818
2506,2020-08-11,5.3803
2507,2020-08-12,5.4336
2508,2020-08-13,5.3693
2509,2020-08-14,5.4216
2510,2020-08-17,5.5097
2511,2020-08-18,5.4676
2512,2020-08-19,5.5579
2513,2020-08-20,5.5571
2514,2020-08-21,5.6207
2515,2020-08-24,5.6115
2516,2020-08-25,5.509
2517,2020-08-26,5.6068
2518,2020-08-27,5.5701
2519,2020-08-28,5.3888
2520,2020-08-31,5.4928
2521,2020-09-01,5.3965
2522,2020-09-02,5.3421
2523,2020-09-03,5.2923
2524,2020-09-04,5.3017
2525,2020-09-07,5.2997
2526,2020-09-08,5.3652
2527,2020-09-09,5.3083
2528,2020-09-10,5.322
2529,2020-09-11,5.3199
2530,2020-09-14,5.2708
2531,2020-09-15,5.2765
2532,2020-09-16,5.2386
2533,2020-09-17,5.2398
2534,2020-09-18,5.3879
2535,2020-09-21,5.4144
2536,2020-09-22,5.4707
2537,2020-09-23,5.596
2538,2020-09-24,5.5099
2539,2020-09-25,5.5634
2540,2020-09-28,5.663
2541,2020-09-29,5.6356
2542,2020-09-30,5.612
2543,2020-10-01,5.6449
2544,2020-10-02,5.6863
2545,2020-10-05,5.5758
2546,2020-10-06,5.5945
2547,2020-10-07,5.6112
2548,2020-10-08,5.6001
2549,2020-10-09,5.5329
2550,2020-10-12,5.5316
2551,2020-10-13,5.5701
2552,2020-10-14,5.5922
2553,2020-10-15,5.6143
2554,2020-10-16,5.6438
2555,2020-10-19,5.6071
2556,2020-10-20,5.6057
2557,2020-10-21,5.6079
2558,2020-10-22,5.5911
2559,2020-10-23,5.6193
2560,2020-10-26,5.6246
2561,2020-10-27,5.7062
2562,2020-10-28,5.7473
2563,2020-10-29,5.7805
2564,2020-10-30,5.746
2565,2020-11-02,5.743
2566,2020-11-03,5.7565
2567,2020-11-04,5.664
2568,2020-11-05,5.5253
2569,2020-11-06,5.365
2570,2020-11-09,5.3861
2571,2020-11-10,5.4149
2572,2020-11-11,5.3915
2573,2020-11-12,5.4583
2574,2020-11-13,5.4585
2575,2020-11-16,5.4155
2576,2020-11-17,5.3284
2577,2020-11-18,5.3634
2578,2020-11-19,5.3057
2579,2020-11-20,5.3802
2580,2020-11-23,5.4393
2581,2020-11-24,5.374
2582,2020-11-25,5.3242
2583,2020-11-26,5.3368
2584,2020-11-27,5.3441
2585,2020-11-30,5.3323
2586,2020-12-01,5.2065
2587,2020-12-02,5.2178
2588,2020-12-03,5.152
2589,2020-12-04,5.156
2590,2020-12-07,5.0995
2591,2020-12-08,5.1206
2592,2020-12-09,5.171
2593,2020-12-10,5.0259
2594,2020-12-11,5.0661
2595,2020-12-14,5.1191
2596,2020-12-15,5.0846
2597,2020-12-16,5.0842
2598,2020-12-17,5.0585
2599,2020-12-18,5.1027
2600,2020-12-21,5.1227
2601,2020-12-22,5.1601
2602,2020-12-23,5.2168
2603,2020-12-24,5.2167
2604,2020-12-25,5.2167
2605,2020-12-28,5.2471
2606,2020-12-29,5.2103
2607,2020-12-30,5.194
2608,2020-12-31,5.194
2609,2021-01-01,5.194
2610,2021-01-04,5.2972
2611,2021-01-05,5.2857
2612,2021-01-06,5.3144
2613,2021-01-07,5.4103
2614,2021-01-08,5.4181
2615,2021-01-11,5.4893
2616,2021-01-12,5.3229
2617,2021-01-13,5.2993
2618,2021-01-14,5.1971
2619,2021-01-15,5.293
2620,2021-01-18,5.2962
2621,2021-01-19,5.3581
2622,2021-01-20,5.292
2623,2021-01-21,5.3511
2624,2021-01-22,5.4669
2625,2021-01-25,5.467
2626,2021-01-26,5.3556
2627,2021-01-27,5.414
2628,2021-01-28,5.4413
2629,2021-01-29,5.463
2630,2021-02-01,5.4326
2631,2021-02-02,5.3685
2632,2021-02-03,5.3537
2633,2021-02-04,5.427
2634,2021-02-05,5.3706
2635,2021-02-08,5.366
2636,2021-02-09,5.3784
2637,2021-02-10,5.3863
2638,2021-02-11,5.3667
2639,2021-02-12,5.3701
2640,2021-02-15,5.3701
2641,2021-02-16,5.3708
2642,2021-02-17,5.4108
2643,2021-02-18,5.4272
2644,2021-02-19,5.3826
2645,2021-02-22,5.4664
2646,2021-02-23,5.4412
2647,2021-02-24,5.4064
2648,2021-02-25,5.5311
2649,2021-02-26,5.5989
2650,2021-03-01,5.6421
2651,2021-03-02,5.6763
2652,2021-03-03,5.6197
2653,2021-03-04,5.6697
2654,2021-03-05,5.6911
2655,2021-03-08,5.8758
2656,2021-03-09,5.8029
2657,2021-03-10,5.6723
2658,2021-03-11,5.5362
2659,2021-03-12,5.552
2660,2021-03-15,5.6162
2661,2021-03-16,5.6251
2662,2021-03-17,5.5847
2663,2021-03-18,5.5616
2664,2021-03-19,5.4928
2665,2021-03-22,5.5062
2666,2021-03-23,5.5229
2667,2021-03-24,5.6212
2668,2021-03-25,5.6478
2669,2021-03-26,5.7569
2670,2021-03-29,5.7814
2671,2021-03-30,5.7755
2672,2021-03-31,5.6333
2673,2021-04-01,5.7088
2674,2021-04-02,5.708
2675,2021-04-05,5.6639
2676,2021-04-06,5.5914
2677,2021-04-07,5.6145
2678,2021-04-08,5.5735
2679,2021-04-09,5.6829
2680,2021-04-12,5.7335
2681,2021-04-13,5.7175
2682,2021-04-14,5.6543
2683,2021-04-15,5.6165
2684,2021-04-16,5.5888
2685,2021-04-19,5.547
2686,2021-04-20,5.5697
2687,2021-04-21,5.5695
2688,2021-04-22,5.4451
2689,2021-04-23,5.4764
2690,2021-04-26,5.4367
2691,2021-04-27,5.4497
2692,2021-04-28,5.3432
2693,2021-04-29,5.3378
2694,2021-04-30,5.4368
2695,2021-05-03,5.4436
2696,2021-05-04,5.4445
2697,2021-05-05,5.3549
2698,2021-05-06,5.2763
2699,2021-05-07,5.2383
2700,2021-05-10,5.2283
2701,2021-05-11,5.2217
2702,2021-05-12,5.307
2703,2021-05-13,5.31
2704,2021-05-14,5.2732
2705,2021-05-17,5.2731
2706,2021-05-18,5.2608
2707,2021-05-19,5.3104
2708,2021-05-20,5.2838
2709,2021-05-21,5.3633
2710,2021-05-24,5.3184
2711,2021-05-25,5.3321
2712,2021-05-26,5.3124
2713,2021-05-27,5.2398
2714,2021-05-28,5.2252
2715,2021-05-31,5.2183
2716,2021-06-01,5.1515
2717,2021-06-02,5.076
2718,2021-06-03,5.078
2719,2021-06-04,5.0503
2720,2021-06-07,5.0461
2721,2021-06-08,5.0343
2722,2021-06-09,5.0633
2723,2021-06-10,5.056
2724,2021-06-11,5.1182
2725,2021-06-14,5.0617
2726,2021-06-15,5.0453
2727,2021-06-16,5.0556
2728,2021-06-17,5.0068
2729,2021-06-18,5.0907
2730,2021-06-21,5.0145
2731,2021-06-22,4.9589
2732,2021-06-23,4.9675
2733,2021-06-24,4.9147
2734,2021-06-25,4.9349
2735,2021-06-28,4.9261
2736,2021-06-29,4.9567
2737,2021-06-30,4.9696
2738,2021-07-01,5.0484
2739,2021-07-02,5.0589
2740,2021-07-05,5.0914
2741,2021-07-06,5.1973
2742,2021-07-07,5.2325
2743,2021-07-08,5.2597
2744,2021-07-09,5.2597
2745,2021-07-12,5.1739
2746,2021-07-13,5.163
2747,2021-07-14,5.0716
2748,2021-07-15,5.1118
2749,2021-07-16,5.1155
2750,2021-07-19,5.2526
2751,2021-07-20,5.2215
2752,2021-07-21,5.1884
2753,2021-07-22,5.2013
2754,2021-07-23,5.2016
2755,2021-07-26,5.1764
2756,2021-07-27,5.1697
2757,2021-07-28,5.1171
2758,2021-07-29,5.0819
2759,2021-07-30,5.2134
2760,2021-08-02,5.1761
2761,2021-08-03,5.1982
2762,2021-08-04,5.17
2763,2021-08-05,5.2492
2764,2021-08-06,5.2316
2765,2021-08-09,5.2349
2766,2021-08-10,5.1898
2767,2021-08-11,5.2196
2768,2021-08-12,5.2527
2769,2021-08-13,5.2469
2770,2021-08-16,5.2611
2771,2021-08-17,5.2961
2772,2021-08-18,5.3804
2773,2021-08-19,5.4155
2774,2021-08-20,5.378
2775,2021-08-23,5.3815
2776,2021-08-24,5.2469
2777,2021-08-25,5.213
2778,2021-08-26,5.2532
2779,2021-08-27,5.2006
2780,2021-08-30,5.1853
2781,2021-08-31,5.1508
2782,2021-09-01,5.1867
2783,2021-09-02,5.1837
2784,2021-09-03,5.1923
2785,2021-09-06,5.1708
2786,2021-09-07,5.1706
2787,2021-09-08,5.3223
2788,2021-09-09,5.1982
2789,2021-09-10,5.2464
2790,2021-09-13,5.2148
2791,2021-09-14,5.2403
2792,2021-09-15,5.2234
2793,2021-09-16,5.2542
2794,2021-09-17,5.2894
2795,2021-09-20,5.3245
2796,2021-09-21,5.2707
2797,2021-09-22,5.2893
2798,2021-09-23,5.3034
2799,2021-09-24,5.3349
2800,2021-09-27,5.392
2801,2021-09-28,5.4296
2802,2021-09-29,5.4157
2803,2021-09-30,5.4433
2804,2021-10-01,5.3637
2805,2021-10-04,5.4545
2806,2021-10-05,5.4752
2807,2021-10-06,5.4917
2808,2021-10-07,5.5194
2809,2021-10-08,5.5087
2810,2021-10-11,5.5371
2811,2021-10-12,5.533
2812,2021-10-13,5.5137
2813,2021-10-14,5.5137
2814,2021-10-15,5.4616
2815,2021-10-18,5.5126
2816,2021-10-19,5.5853
2817,2021-10-20,5.5979
2818,2021-10-21,5.6586
2819,2021-10-22,5.6486
2820,2021-10-25,5.5567
2821,2021-10-26,5.5672
2822,2021-10-27,5.5382
2823,2021-10-28,5.6469
2824,2021-10-29,5.6388
2825,2021-11-01,5.6821
2826,2021-11-02,5.68
2827,2021-11-03,5.5535
2828,2021-11-04,5.6032
2829,2021-11-05,5.5433
2830,2021-11-08,5.5445
2831,2021-11-09,5.4809
2832,2021-11-10,5.4915
2833,2021-11-11,5.3994
2834,2021-11-12,5.4592
2835,2021-11-15,5.4577
2836,2021-11-16,5.5033
2837,2021-11-17,5.5297
2838,2021-11-18,5.5581
2839,2021-11-19,5.6137
2840,2021-11-22,5.587
2841,2021-11-23,5.5717
2842,2021-11-24,5.6066
2843,2021-11-25,5.5669
2844,2021-11-26,5.6098
2845,2021-11-29,5.6022
2846,2021-11-30,5.6244
2847,2021-12-01,5.6958
2848,2021-12-02,5.6467
2849,2021-12-03,5.6537
2850,2021-12-06,5.6896
2851,2021-12-07,5.6132
2852,2021-12-08,5.5332
2853,2021-12-09,5.573
2854,2021-12-10,5.6132
2855,2021-12-13,5.6807
2856,2021-12-14,5.682
2857,2021-12-15,5.6808
2858,2021-12-16,5.6887
2859,2021-12-17,5.6961
2860,2021-12-20,5.7425
2861,2021-12-21,5.7455
2862,2021-12-22,5.6545
2863,2021-12-23,5.6754
2864,2021-12-24,5.6753
2865,2021-12-27,5.6254
2866,2021-12-28,5.6288
2867,2021-12-29,5.7037
2868,2021-12-30,5.5715
2869,2021-12-31,5.5713
2870,2022-01-03,5.6823
2871,2022-01-04,5.6773
2872,2022-01-05,5.7092
2873,2022-01-06,5.6839
2874,2022-01-07,5.636
2875,2022-01-10,5.6638
2876,2022-01-11,5.5691
2877,2022-01-12,5.5343
2878,2022-01-13,5.5291
2879,2022-01-14,5.5349
2880,2022-01-17,5.517
2881,2022-01-18,5.5671
2882,2022-01-19,5.4388
2883,2022-01-20,5.4196
2884,2022-01-21,5.4587
2885,2022-01-24,5.4882
2886,2022-01-25,5.4442
2887,2022-01-26,5.4329
2888,2022-01-27,5.407
2889,2022-01-28,5.3676
2890,2022-01-31,5.3046
