,Date,Brent
0,2011-01-03,94.84
1,2011-01-04,93.53
2,2011-01-05,95.5
3,2011-01-06,94.52
4,2011-01-07,93.33
5,2011-01-10,95.7
6,2011-01-11,97.61
7,2011-01-12,98.12
8,2011-01-13,98.06
9,2011-01-14,98.68
10,2011-01-17,97.43
11,2011-01-18,97.8
12,2011-01-19,98.16
13,2011-01-20,96.58
14,2011-01-21,97.6
15,2011-01-24,96.61
16,2011-01-25,95.25
17,2011-01-26,97.91
18,2011-01-27,97.39
19,2011-01-28,99.42
20,2011-01-31,101.01
21,2011-02-01,101.74
22,2011-02-02,102.34
23,2011-02-03,101.76
24,2011-02-04,99.83
25,2011-02-07,99.25
26,2011-02-08,99.92
27,2011-02-09,101.82
28,2011-02-10,100.87
29,2011-02-11,101.43
30,2011-02-14,103.08
31,2011-02-15,101.64
32,2011-02-16,103.78
33,2011-02-17,102.59
34,2011-02-18,102.52
35,2011-02-21,105.74
36,2011-02-22,105.78
37,2011-02-23,111.25
38,2011-02-24,111.36
39,2011-02-25,112.14
40,2011-02-28,111.8
41,2011-03-01,115.42
42,2011-03-02,116.35
43,2011-03-03,114.79
44,2011-03-04,115.97
45,2011-03-07,115.04
46,2011-03-08,113.06
47,2011-03-09,115.94
48,2011-03-10,115.43
49,2011-03-11,113.84
50,2011-03-14,113.67
51,2011-03-15,108.52
52,2011-03-16,110.62
53,2011-03-17,114.9
54,2011-03-18,113.93
55,2011-03-21,114.96
56,2011-03-22,115.7
57,2011-03-23,115.55
58,2011-03-24,115.72
59,2011-03-25,115.59
60,2011-03-28,114.8
61,2011-03-29,115.16
62,2011-03-30,115.13
63,2011-03-31,117.36
64,2011-04-01,118.7
65,2011-04-04,121.06
66,2011-04-05,122.22
67,2011-04-06,122.3
68,2011-04-07,122.67
69,2011-04-08,126.65
70,2011-04-11,123.98
71,2011-04-12,120.92
72,2011-04-13,122.88
73,2011-04-14,122.36
74,2011-04-15,123.45
75,2011-04-18,121.61
76,2011-04-19,121.33
77,2011-04-20,123.85
78,2011-04-21,123.99
79,2011-04-25,123.66
80,2011-04-26,124.14
81,2011-04-27,125.13
82,2011-04-28,125.02
83,2011-04-29,125.89
84,2011-05-02,125.12
85,2011-05-03,122.45
86,2011-05-04,121.19
87,2011-05-05,110.8
88,2011-05-06,109.13
89,2011-05-09,115.9
90,2011-05-10,117.63
91,2011-05-11,112.57
92,2011-05-12,112.98
93,2011-05-13,113.83
94,2011-05-16,112.73
95,2011-05-17,109.99
96,2011-05-18,112.3
97,2011-05-19,111.42
98,2011-05-20,112.39
99,2011-05-23,110.1
100,2011-05-24,112.53
101,2011-05-25,114.93
102,2011-05-26,115.05
103,2011-05-27,115.03
104,2011-05-30,114.68
105,2011-05-31,116.73
106,2011-06-01,114.53
107,2011-06-02,115.54
108,2011-06-03,115.84
109,2011-06-06,114.48
110,2011-06-07,116.78
111,2011-06-08,117.85
112,2011-06-09,119.57
113,2011-06-10,118.78
114,2011-06-13,119.1
115,2011-06-14,120.16
116,2011-06-15,117.1
117,2011-06-16,114.02
118,2011-06-17,113.21
119,2011-06-20,111.69
120,2011-06-21,110.95
121,2011-06-22,114.21
122,2011-06-23,107.26
123,2011-06-24,105.12
124,2011-06-27,105.99
125,2011-06-28,108.78
126,2011-06-29,112.4
127,2011-06-30,112.48
128,2011-07-01,111.77
129,2011-07-04,111.39
130,2011-07-05,113.61
131,2011-07-06,113.62
132,2011-07-07,118.59
133,2011-07-08,118.33
134,2011-07-11,117.24
135,2011-07-12,117.75
136,2011-07-13,118.78
137,2011-07-14,118.32
138,2011-07-15,117.26
139,2011-07-18,116.05
140,2011-07-19,117.06
141,2011-07-20,118.15
142,2011-07-21,117.51
143,2011-07-22,118.67
144,2011-07-25,117.94
145,2011-07-26,118.28
146,2011-07-27,117.43
147,2011-07-28,117.36
148,2011-07-29,116.74
149,2011-08-01,116.81
150,2011-08-02,116.46
151,2011-08-03,113.23
152,2011-08-04,107.25
153,2011-08-05,109.37
154,2011-08-08,103.74
155,2011-08-09,102.57
156,2011-08-10,106.68
157,2011-08-11,108.02
158,2011-08-12,108.03
159,2011-08-15,109.91
160,2011-08-16,109.47
161,2011-08-17,110.6
162,2011-08-18,106.99
163,2011-08-19,108.62
164,2011-08-22,108.36
165,2011-08-23,109.31
166,2011-08-24,110.15
167,2011-08-25,110.62
168,2011-08-26,111.36
169,2011-08-29,111.88
170,2011-08-30,114.02
171,2011-08-31,114.85
172,2011-09-01,114.29
173,2011-09-02,112.33
174,2011-09-05,110.08
175,2011-09-06,112.89
176,2011-09-07,115.8
177,2011-09-08,114.55
178,2011-09-09,112.77
179,2011-09-12,112.25
180,2011-09-13,111.89
181,2011-09-14,112.4
182,2011-09-15,115.34
183,2011-09-16,112.22
184,2011-09-19,109.14
185,2011-09-20,110.54
186,2011-09-21,110.36
187,2011-09-22,105.49
188,2011-09-23,103.97
189,2011-09-26,103.94
190,2011-09-27,107.14
191,2011-09-28,103.81
192,2011-09-29,103.95
193,2011-09-30,102.76
194,2011-10-03,101.71
195,2011-10-04,99.79
196,2011-10-05,102.73
197,2011-10-06,105.73
198,2011-10-07,105.88
199,2011-10-10,108.95
200,2011-10-11,110.73
201,2011-10-12,111.36
202,2011-10-13,111.11
203,2011-10-14,114.68
204,2011-10-17,110.16
205,2011-10-18,111.15
206,2011-10-19,108.39
207,2011-10-20,109.76
208,2011-10-21,109.56
209,2011-10-24,111.45
210,2011-10-25,110.92
211,2011-10-26,108.91
212,2011-10-27,112.08
213,2011-10-28,109.91
214,2011-10-31,109.56
215,2011-11-01,109.54
216,2011-11-02,109.34
217,2011-11-03,110.83
218,2011-11-04,111.97
219,2011-11-07,114.56
220,2011-11-08,115.0
221,2011-11-09,112.31
222,2011-11-10,113.71
223,2011-11-11,114.16
224,2011-11-14,111.89
225,2011-11-15,112.39
226,2011-11-16,111.88
227,2011-11-17,108.22
228,2011-11-18,107.56
229,2011-11-21,106.88
230,2011-11-22,109.03
231,2011-11-23,107.02
232,2011-11-24,107.78
233,2011-11-25,106.4
234,2011-11-28,109.0
235,2011-11-29,110.82
236,2011-11-30,110.52
237,2011-12-01,108.99
238,2011-12-02,109.94
239,2011-12-05,109.81
240,2011-12-06,110.81
241,2011-12-07,109.53
242,2011-12-08,108.11
243,2011-12-09,108.62
244,2011-12-12,107.26
245,2011-12-13,109.5
246,2011-12-14,105.02
247,2011-12-15,105.09
248,2011-12-16,103.35
249,2011-12-19,103.64
250,2011-12-20,106.73
251,2011-12-21,107.71
252,2011-12-22,107.89
253,2011-12-23,107.96
254,2011-12-27,109.27
255,2011-12-28,107.56
256,2011-12-29,108.01
257,2011-12-30,107.38
258,2012-01-03,112.13
259,2012-01-04,113.7
260,2012-01-05,112.74
261,2012-01-06,113.06
262,2012-01-09,112.45
263,2012-01-10,113.28
264,2012-01-11,112.24
265,2012-01-12,111.26
266,2012-01-13,110.44
267,2012-01-16,111.2
268,2012-01-17,111.53
269,2012-01-18,110.66
270,2012-01-19,111.55
271,2012-01-20,109.86
272,2012-01-23,110.58
273,2012-01-24,110.03
274,2012-01-25,109.81
275,2012-01-26,110.79
276,2012-01-27,111.46
277,2012-01-30,110.75
278,2012-01-31,110.98
279,2012-02-01,111.56
280,2012-02-02,112.07
281,2012-02-03,114.58
282,2012-02-06,115.93
283,2012-02-07,116.23
284,2012-02-08,117.2
285,2012-02-09,118.59
286,2012-02-10,117.31
287,2012-02-13,117.93
288,2012-02-14,118.16
289,2012-02-15,118.93
290,2012-02-16,120.11
291,2012-02-17,119.58
292,2012-02-20,120.05
293,2012-02-21,121.66
294,2012-02-22,122.9
295,2012-02-23,123.62
296,2012-02-24,125.47
297,2012-02-27,124.17
298,2012-02-28,121.55
299,2012-02-29,122.66
300,2012-03-01,126.2
301,2012-03-02,123.65
302,2012-03-05,123.8
303,2012-03-06,121.98
304,2012-03-07,124.12
305,2012-03-08,125.44
306,2012-03-09,125.98
307,2012-03-12,125.34
308,2012-03-13,126.22
309,2012-03-14,124.97
310,2012-03-15,123.55
311,2012-03-16,125.81
312,2012-03-19,125.71
313,2012-03-20,124.12
314,2012-03-21,124.2
315,2012-03-22,123.14
316,2012-03-23,125.13
317,2012-03-26,125.65
318,2012-03-27,125.54
319,2012-03-28,124.16
320,2012-03-29,122.39
321,2012-03-30,122.88
322,2012-04-02,125.43
323,2012-04-03,124.86
324,2012-04-04,122.34
325,2012-04-05,123.43
326,2012-04-09,122.67
327,2012-04-10,119.88
328,2012-04-11,120.18
329,2012-04-12,121.71
330,2012-04-13,121.83
331,2012-04-16,118.68
332,2012-04-17,118.78
333,2012-04-18,117.97
334,2012-04-19,118.0
335,2012-04-20,118.76
336,2012-04-23,118.71
337,2012-04-24,118.16
338,2012-04-25,119.12
339,2012-04-26,119.92
340,2012-04-27,119.83
341,2012-04-30,119.47
342,2012-05-01,119.66
343,2012-05-02,118.2
344,2012-05-03,116.08
345,2012-05-04,113.18
346,2012-05-07,113.16
347,2012-05-08,112.73
348,2012-05-09,113.2
349,2012-05-10,112.73
350,2012-05-11,112.26
351,2012-05-14,111.57
352,2012-05-15,112.24
353,2012-05-16,111.71
354,2012-05-17,107.49
355,2012-05-18,107.14
356,2012-05-21,108.81
357,2012-05-22,108.41
358,2012-05-23,105.56
359,2012-05-24,106.55
360,2012-05-25,106.83
361,2012-05-28,107.11
362,2012-05-29,106.68
363,2012-05-30,103.47
364,2012-05-31,101.87
365,2012-06-01,98.43
366,2012-06-04,98.85
367,2012-06-05,98.84
368,2012-06-06,100.64
369,2012-06-07,99.93
370,2012-06-08,99.47
371,2012-06-11,98.0
372,2012-06-12,97.14
373,2012-06-13,97.13
374,2012-06-14,97.03
375,2012-06-15,97.61
376,2012-06-18,96.05
377,2012-06-19,95.76
378,2012-06-20,92.69
379,2012-06-21,89.23
380,2012-06-22,90.98
381,2012-06-25,91.01
382,2012-06-26,93.02
383,2012-06-27,93.5
384,2012-06-28,91.36
385,2012-06-29,97.8
386,2012-07-02,97.34
387,2012-07-03,100.68
388,2012-07-04,99.77
389,2012-07-05,100.7
390,2012-07-06,98.19
391,2012-07-09,100.32
392,2012-07-10,97.97
393,2012-07-11,100.23
394,2012-07-12,101.07
395,2012-07-13,102.4
396,2012-07-16,103.55
397,2012-07-17,104.0
398,2012-07-18,105.16
399,2012-07-19,107.8
400,2012-07-20,106.83
401,2012-07-23,103.26
402,2012-07-24,103.42
403,2012-07-25,104.38
404,2012-07-26,105.26
405,2012-07-27,106.47
406,2012-07-30,106.2
407,2012-07-31,104.92
408,2012-08-01,105.96
409,2012-08-02,105.9
410,2012-08-03,108.94
411,2012-08-06,109.55
412,2012-08-07,112.0
413,2012-08-08,112.14
414,2012-08-09,113.22
415,2012-08-10,112.95
416,2012-08-13,113.6
417,2012-08-14,114.03
418,2012-08-15,116.25
419,2012-08-16,116.9
420,2012-08-17,113.71
421,2012-08-20,113.7
422,2012-08-21,114.64
423,2012-08-22,114.91
424,2012-08-23,115.01
425,2012-08-24,113.59
426,2012-08-27,112.26
427,2012-08-28,112.58
428,2012-08-29,112.54
429,2012-08-30,112.65
430,2012-08-31,114.57
431,2012-09-03,115.78
432,2012-09-04,114.18
433,2012-09-05,113.09
434,2012-09-06,113.49
435,2012-09-07,114.25
436,2012-09-10,114.81
437,2012-09-11,115.4
438,2012-09-12,115.96
439,2012-09-13,116.9
440,2012-09-14,116.66
441,2012-09-17,113.79
442,2012-09-18,112.03
443,2012-09-19,108.19
444,2012-09-20,110.03
445,2012-09-21,111.42
446,2012-09-24,109.81
447,2012-09-25,110.45
448,2012-09-26,110.04
449,2012-09-27,112.01
450,2012-09-28,112.39
451,2012-10-01,112.19
452,2012-10-02,111.57
453,2012-10-03,108.17
454,2012-10-04,112.58
455,2012-10-05,112.02
456,2012-10-08,111.82
457,2012-10-09,114.5
458,2012-10-10,114.33
459,2012-10-11,115.71
460,2012-10-12,114.62
461,2012-10-15,115.8
462,2012-10-16,115.07
463,2012-10-17,113.22
464,2012-10-18,112.42
465,2012-10-19,110.14
466,2012-10-22,109.44
467,2012-10-23,108.25
468,2012-10-24,107.85
469,2012-10-25,108.49
470,2012-10-26,109.55
471,2012-10-29,109.44
472,2012-10-30,109.08
473,2012-10-31,108.7
474,2012-11-01,108.17
475,2012-11-02,105.68
476,2012-11-05,107.73
477,2012-11-06,111.07
478,2012-11-07,106.82
479,2012-11-08,107.25
480,2012-11-09,109.4
481,2012-11-12,109.07
482,2012-11-13,108.26
483,2012-11-14,109.61
484,2012-11-15,110.98
485,2012-11-16,108.95
486,2012-11-19,111.7
487,2012-11-20,109.83
488,2012-11-21,110.86
489,2012-11-22,110.55
490,2012-11-23,111.38
491,2012-11-26,110.92
492,2012-11-27,109.87
493,2012-11-28,109.51
494,2012-11-29,110.76
495,2012-11-30,111.23
496,2012-12-03,110.92
497,2012-12-04,109.84
498,2012-12-05,108.81
499,2012-12-06,107.03
500,2012-12-07,107.02
501,2012-12-10,107.33
502,2012-12-11,108.01
503,2012-12-12,109.5
504,2012-12-13,107.91
505,2012-12-14,109.15
506,2012-12-17,107.64
507,2012-12-18,108.84
508,2012-12-19,110.36
509,2012-12-20,110.2
510,2012-12-21,108.97
511,2012-12-24,108.8
512,2012-12-26,111.07
513,2012-12-27,110.8
514,2012-12-28,110.62
515,2012-12-31,111.11
516,2013-01-02,112.47
517,2013-01-03,112.14
518,2013-01-04,111.31
519,2013-01-07,111.4
520,2013-01-08,111.94
521,2013-01-09,111.76
522,2013-01-10,111.89
523,2013-01-11,110.64
524,2013-01-14,111.88
525,2013-01-15,110.3
526,2013-01-16,110.61
527,2013-01-17,111.1
528,2013-01-18,111.89
529,2013-01-21,111.71
530,2013-01-22,112.42
531,2013-01-23,112.8
532,2013-01-24,113.28
533,2013-01-25,113.28
534,2013-01-28,113.48
535,2013-01-29,114.36
536,2013-01-30,114.9
537,2013-01-31,115.55
538,2013-02-01,116.76
539,2013-02-04,115.6
540,2013-02-05,116.52
541,2013-02-06,116.73
542,2013-02-07,117.24
543,2013-02-08,118.9
544,2013-02-11,118.13
545,2013-02-12,118.66
546,2013-02-13,118.72
547,2013-02-14,118.0
548,2013-02-15,117.66
549,2013-02-18,117.38
550,2013-02-19,117.52
551,2013-02-20,115.6
552,2013-02-21,113.53
553,2013-02-22,114.1
554,2013-02-25,114.44
555,2013-02-26,112.71
556,2013-02-27,111.87
557,2013-02-28,111.38
558,2013-03-01,110.4
559,2013-03-04,110.09
560,2013-03-05,111.61
561,2013-03-06,111.06
562,2013-03-07,111.15
563,2013-03-08,110.85
564,2013-03-11,110.22
565,2013-03-12,109.65
566,2013-03-13,108.52
567,2013-03-14,109.42
568,2013-03-15,109.82
569,2013-03-18,109.51
570,2013-03-19,107.45
571,2013-03-20,108.72
572,2013-03-21,107.47
573,2013-03-22,107.66
574,2013-03-25,108.17
575,2013-03-26,109.36
576,2013-03-27,109.69
577,2013-03-28,110.02
578,2013-04-01,111.08
579,2013-04-02,110.69
580,2013-04-03,107.11
581,2013-04-04,106.34
582,2013-04-05,104.12
583,2013-04-08,104.66
584,2013-04-09,106.23
585,2013-04-10,105.79
586,2013-04-11,104.27
587,2013-04-12,103.11
588,2013-04-15,100.39
589,2013-04-16,99.91
590,2013-04-17,97.69
591,2013-04-18,99.13
592,2013-04-19,99.65
593,2013-04-22,100.39
594,2013-04-23,100.31
595,2013-04-24,101.73
596,2013-04-25,103.41
597,2013-04-26,103.16
598,2013-04-29,103.81
599,2013-04-30,102.37
600,2013-05-01,99.95
601,2013-05-02,102.85
602,2013-05-03,104.19
603,2013-05-06,105.46
604,2013-05-07,104.4
605,2013-05-08,104.34
606,2013-05-09,104.47
607,2013-05-10,103.91
608,2013-05-13,102.82
609,2013-05-14,102.6
610,2013-05-15,103.68
611,2013-05-16,103.8
612,2013-05-17,104.64
613,2013-05-20,104.8
614,2013-05-21,103.91
615,2013-05-22,102.6
616,2013-05-23,102.44
617,2013-05-24,102.64
618,2013-05-27,102.62
619,2013-05-28,104.23
620,2013-05-29,102.43
621,2013-05-30,102.19
622,2013-05-31,100.39
623,2013-06-03,102.06
624,2013-06-04,103.24
625,2013-06-05,103.04
626,2013-06-06,103.61
627,2013-06-07,104.56
628,2013-06-10,103.95
629,2013-06-11,102.96
630,2013-06-12,103.49
631,2013-06-13,104.25
632,2013-06-14,105.93
633,2013-06-17,105.47
634,2013-06-18,106.02
635,2013-06-19,106.12
636,2013-06-20,102.15
637,2013-06-21,100.91
638,2013-06-24,101.16
639,2013-06-25,101.26
640,2013-06-26,101.66
641,2013-06-27,102.82
642,2013-06-28,102.16
643,2013-07-01,103.0
644,2013-07-02,104.0
645,2013-07-03,105.76
646,2013-07-04,105.54
647,2013-07-05,107.72
648,2013-07-08,107.43
649,2013-07-09,107.81
650,2013-07-10,108.51
651,2013-07-11,107.73
652,2013-07-12,108.81
653,2013-07-15,109.09
654,2013-07-16,109.4
655,2013-07-17,108.61
656,2013-07-18,108.7
657,2013-07-19,108.07
658,2013-07-22,108.15
659,2013-07-23,108.42
660,2013-07-24,107.19
661,2013-07-25,107.65
662,2013-07-26,107.17
663,2013-07-29,107.45
664,2013-07-30,106.91
665,2013-07-31,107.7
666,2013-08-01,109.54
667,2013-08-02,108.95
668,2013-08-05,108.7
669,2013-08-06,108.18
670,2013-08-07,107.44
671,2013-08-08,106.68
672,2013-08-09,108.22
673,2013-08-12,108.97
674,2013-08-13,109.82
675,2013-08-14,110.2
676,2013-08-15,111.11
677,2013-08-16,110.4
678,2013-08-19,109.9
679,2013-08-20,110.15
680,2013-08-21,109.81
681,2013-08-22,109.9
682,2013-08-23,111.04
683,2013-08-26,110.73
684,2013-08-27,114.36
685,2013-08-28,116.61
686,2013-08-29,115.16
687,2013-08-30,114.01
688,2013-09-02,114.33
689,2013-09-03,115.68
690,2013-09-04,114.91
691,2013-09-05,115.26
692,2013-09-06,116.12
693,2013-09-09,113.72
694,2013-09-10,111.25
695,2013-09-11,111.5
696,2013-09-12,112.63
697,2013-09-13,112.78
698,2013-09-16,110.07
699,2013-09-17,108.19
700,2013-09-18,110.6
701,2013-09-19,108.76
702,2013-09-20,109.22
703,2013-09-23,108.16
704,2013-09-24,108.64
705,2013-09-25,108.32
706,2013-09-26,109.21
707,2013-09-27,108.63
708,2013-09-30,108.37
709,2013-10-01,107.94
710,2013-10-02,109.19
711,2013-10-03,109.0
712,2013-10-04,109.46
713,2013-10-07,109.68
714,2013-10-08,110.16
715,2013-10-09,109.06
716,2013-10-10,111.8
717,2013-10-11,111.28
718,2013-10-14,111.04
719,2013-10-15,109.96
720,2013-10-16,110.86
721,2013-10-17,109.11
722,2013-10-18,109.94
723,2013-10-21,109.64
724,2013-10-22,109.97
725,2013-10-23,107.8
726,2013-10-24,106.99
727,2013-10-25,106.93
728,2013-10-28,109.61
729,2013-10-29,109.01
730,2013-10-30,109.86
731,2013-10-31,108.84
732,2013-11-01,105.91
733,2013-11-04,106.23
734,2013-11-05,105.33
735,2013-11-06,105.24
736,2013-11-07,103.46
737,2013-11-08,105.12
738,2013-11-11,106.4
739,2013-11-12,105.81
740,2013-11-13,107.12
741,2013-11-14,108.54
742,2013-11-15,108.5
743,2013-11-18,108.47
744,2013-11-19,106.92
745,2013-11-20,108.06
746,2013-11-21,110.08
747,2013-11-22,111.05
748,2013-11-25,111.0
749,2013-11-26,110.88
750,2013-11-27,111.31
751,2013-11-28,110.86
752,2013-11-29,109.69
753,2013-12-02,111.45
754,2013-12-03,112.62
755,2013-12-04,111.88
756,2013-12-05,110.98
757,2013-12-06,111.61
758,2013-12-09,109.39
759,2013-12-10,109.38
760,2013-12-11,109.7
761,2013-12-12,108.67
762,2013-12-13,108.83
763,2013-12-16,110.47
764,2013-12-17,108.44
765,2013-12-18,109.63
766,2013-12-19,110.29
767,2013-12-20,111.77
768,2013-12-23,111.56
769,2013-12-24,111.9
770,2013-12-26,111.98
771,2013-12-27,112.18
772,2013-12-30,111.21
773,2013-12-31,110.8
774,2014-01-01,110.92
775,2014-01-02,107.78
776,2014-01-03,106.89
777,2014-01-06,106.73
778,2014-01-07,107.35
779,2014-01-08,107.15
780,2014-01-09,106.39
781,2014-01-10,107.25
782,2014-01-13,106.75
783,2014-01-14,106.39
784,2014-01-15,107.13
785,2014-01-16,107.09
786,2014-01-17,106.48
787,2014-01-20,106.35
788,2014-01-21,106.73
789,2014-01-22,108.27
790,2014-01-23,107.58
791,2014-01-24,107.88
792,2014-01-27,106.69
793,2014-01-28,107.41
794,2014-01-29,107.85
795,2014-01-30,107.95
796,2014-01-31,106.4
797,2014-02-03,106.04
798,2014-02-04,105.78
799,2014-02-05,106.25
800,2014-02-06,107.19
801,2014-02-07,109.57
802,2014-02-10,108.63
803,2014-02-11,108.68
804,2014-02-12,108.79
805,2014-02-13,108.73
806,2014-02-14,109.08
807,2014-02-17,109.18
808,2014-02-18,110.46
809,2014-02-19,110.47
810,2014-02-20,110.3
811,2014-02-21,109.85
812,2014-02-24,110.64
813,2014-02-25,109.51
814,2014-02-26,109.52
815,2014-02-27,108.96
816,2014-02-28,109.07
817,2014-03-03,111.2
818,2014-03-04,109.3
819,2014-03-05,107.76
820,2014-03-06,108.1
821,2014-03-07,109.0
822,2014-03-10,108.08
823,2014-03-11,108.55
824,2014-03-12,108.02
825,2014-03-13,107.39
826,2014-03-14,108.57
827,2014-03-17,106.24
828,2014-03-18,106.79
829,2014-03-19,105.85
830,2014-03-20,106.45
831,2014-03-21,106.92
832,2014-03-24,106.81
833,2014-03-25,106.99
834,2014-03-26,107.03
835,2014-03-27,107.83
836,2014-03-28,108.07
837,2014-03-31,107.76
838,2014-04-01,105.62
839,2014-04-02,104.79
840,2014-04-03,106.15
841,2014-04-04,106.72
842,2014-04-07,105.82
843,2014-04-08,107.67
844,2014-04-09,107.98
845,2014-04-10,107.46
846,2014-04-11,107.33
847,2014-04-14,109.07
848,2014-04-15,108.74
849,2014-04-16,109.6
850,2014-04-17,109.53
851,2014-04-21,109.95
852,2014-04-22,109.27
853,2014-04-23,109.11
854,2014-04-24,110.33
855,2014-04-25,109.58
856,2014-04-28,108.12
857,2014-04-29,108.98
858,2014-04-30,108.07
859,2014-05-01,107.76
860,2014-05-02,108.59
861,2014-05-05,107.72
862,2014-05-06,107.06
863,2014-05-07,108.13
864,2014-05-08,108.04
865,2014-05-09,107.89
866,2014-05-12,108.41
867,2014-05-13,109.24
868,2014-05-14,110.19
869,2014-05-15,110.44
870,2014-05-16,109.75
871,2014-05-19,109.37
872,2014-05-20,109.69
873,2014-05-21,110.55
874,2014-05-22,110.36
875,2014-05-23,110.54
876,2014-05-26,110.32
877,2014-05-27,110.02
878,2014-05-28,109.81
879,2014-05-29,109.97
880,2014-05-30,109.41
881,2014-06-02,108.83
882,2014-06-03,108.82
883,2014-06-04,108.4
884,2014-06-05,108.79
885,2014-06-06,108.61
886,2014-06-09,109.99
887,2014-06-10,109.52
888,2014-06-11,109.95
889,2014-06-12,113.02
890,2014-06-13,113.41
891,2014-06-16,112.94
892,2014-06-17,113.45
893,2014-06-18,114.26
894,2014-06-19,115.06
895,2014-06-20,114.81
896,2014-06-23,114.12
897,2014-06-24,114.46
898,2014-06-25,114.0
899,2014-06-26,113.21
900,2014-06-27,113.3
901,2014-06-30,112.36
902,2014-07-01,112.29
903,2014-07-02,111.24
904,2014-07-03,111.0
905,2014-07-04,110.64
906,2014-07-07,110.24
907,2014-07-08,108.94
908,2014-07-09,108.28
909,2014-07-10,108.67
910,2014-07-11,106.66
911,2014-07-14,106.98
912,2014-07-15,106.02
913,2014-07-16,105.85
914,2014-07-17,107.89
915,2014-07-18,107.24
916,2014-07-21,107.68
917,2014-07-22,107.33
918,2014-07-23,108.03
919,2014-07-24,107.07
920,2014-07-25,108.39
921,2014-07-28,107.57
922,2014-07-29,107.72
923,2014-07-30,106.51
924,2014-07-31,106.02
925,2014-08-01,104.84
926,2014-08-04,105.41
927,2014-08-05,104.61
928,2014-08-06,104.59
929,2014-08-07,105.44
930,2014-08-08,105.02
931,2014-08-11,104.68
932,2014-08-12,103.02
933,2014-08-13,104.28
934,2014-08-14,102.01
935,2014-08-15,103.53
936,2014-08-18,101.6
937,2014-08-19,101.56
938,2014-08-20,102.28
939,2014-08-21,102.63
940,2014-08-22,102.29
941,2014-08-25,102.65
942,2014-08-26,102.5
943,2014-08-27,102.72
944,2014-08-28,102.46
945,2014-08-29,103.19
946,2014-09-01,102.79
947,2014-09-02,100.34
948,2014-09-03,102.77
949,2014-09-04,101.83
950,2014-09-05,100.82
951,2014-09-08,100.2
952,2014-09-09,99.16
953,2014-09-10,98.04
954,2014-09-11,98.08
955,2014-09-12,97.11
956,2014-09-15,96.65
957,2014-09-16,99.05
958,2014-09-17,98.97
959,2014-09-18,97.7
960,2014-09-19,98.39
961,2014-09-22,96.97
962,2014-09-23,96.85
963,2014-09-24,96.95
964,2014-09-25,97.0
965,2014-09-26,97.0
966,2014-09-29,97.2
967,2014-09-30,94.67
968,2014-10-01,94.16
969,2014-10-02,93.42
970,2014-10-03,92.31
971,2014-10-06,92.79
972,2014-10-07,92.11
973,2014-10-08,91.38
974,2014-10-09,90.05
975,2014-10-10,90.21
976,2014-10-13,88.89
977,2014-10-14,85.04
978,2014-10-15,83.78
979,2014-10-16,84.47
980,2014-10-17,86.16
981,2014-10-20,85.4
982,2014-10-21,86.22
983,2014-10-22,84.71
984,2014-10-23,86.83
985,2014-10-24,86.13
986,2014-10-27,85.83
987,2014-10-28,86.03
988,2014-10-29,87.12
989,2014-10-30,86.24
990,2014-10-31,85.86
991,2014-11-03,84.78
992,2014-11-04,82.82
993,2014-11-05,82.95
994,2014-11-06,82.86
995,2014-11-07,83.39
996,2014-11-10,82.34
997,2014-11-11,81.67
998,2014-11-12,80.38
999,2014-11-13,77.92
1000,2014-11-14,79.41
1001,2014-11-17,79.31
1002,2014-11-18,78.47
1003,2014-11-19,78.1
1004,2014-11-20,79.33
1005,2014-11-21,80.36
1006,2014-11-24,79.68
1007,2014-11-25,78.33
1008,2014-11-26,77.75
1009,2014-11-27,72.58
1010,2014-11-28,70.15
1011,2014-12-01,72.54
1012,2014-12-02,70.54
1013,2014-12-03,69.92
1014,2014-12-04,69.64
1015,2014-12-05,69.07
1016,2014-12-08,66.19
1017,2014-12-09,66.84
1018,2014-12-10,64.24
1019,2014-12-11,63.68
1020,2014-12-12,61.85
1021,2014-12-15,61.06
1022,2014-12-16,59.86
1023,2014-12-17,61.18
1024,2014-12-18,59.27
1025,2014-12-19,61.38
1026,2014-12-22,60.11
1027,2014-12-23,61.69
1028,2014-12-24,60.24
1029,2014-12-26,59.45
1030,2014-12-29,57.88
1031,2014-12-30,57.9
1032,2014-12-31,57.33
1033,2015-01-02,56.42
1034,2015-01-05,53.11
1035,2015-01-06,51.1
1036,2015-01-07,51.15
1037,2015-01-08,50.96
1038,2015-01-09,50.11
1039,2015-01-12,47.43
1040,2015-01-13,46.59
1041,2015-01-14,48.69
1042,2015-01-15,47.67
1043,2015-01-16,50.17
1044,2015-01-19,48.84
1045,2015-01-20,47.99
1046,2015-01-21,49.03
1047,2015-01-22,48.52
1048,2015-01-23,48.79
1049,2015-01-26,48.16
1050,2015-01-27,49.6
1051,2015-01-28,48.47
1052,2015-01-29,49.13
1053,2015-01-30,52.99
1054,2015-02-02,54.75
1055,2015-02-03,57.91
1056,2015-02-04,54.16
1057,2015-02-05,56.57
1058,2015-02-06,57.8
1059,2015-02-09,58.34
1060,2015-02-10,56.43
1061,2015-02-11,54.66
1062,2015-02-12,57.05
1063,2015-02-13,61.52
1064,2015-02-16,61.4
1065,2015-02-17,62.53
1066,2015-02-18,60.53
1067,2015-02-19,60.21
1068,2015-02-20,60.22
1069,2015-02-23,58.9
1070,2015-02-24,58.66
1071,2015-02-25,61.63
1072,2015-02-26,60.05
1073,2015-02-27,62.58
1074,2015-03-02,59.54
1075,2015-03-03,61.02
1076,2015-03-04,60.55
1077,2015-03-05,60.48
1078,2015-03-06,59.73
1079,2015-03-09,58.53
1080,2015-03-10,56.39
1081,2015-03-11,57.54
1082,2015-03-12,57.08
1083,2015-03-13,54.67
1084,2015-03-16,53.44
1085,2015-03-17,53.51
1086,2015-03-18,55.91
1087,2015-03-19,54.43
1088,2015-03-20,55.32
1089,2015-03-23,55.92
1090,2015-03-24,55.11
1091,2015-03-25,56.48
1092,2015-03-26,59.19
1093,2015-03-27,56.41
1094,2015-03-30,56.29
1095,2015-03-31,55.11
1096,2015-04-01,57.1
1097,2015-04-02,54.95
1098,2015-04-06,58.12
1099,2015-04-07,59.1
1100,2015-04-08,55.55
1101,2015-04-09,56.57
1102,2015-04-10,57.87
1103,2015-04-13,57.93
1104,2015-04-14,58.43
1105,2015-04-15,60.32
1106,2015-04-16,63.98
1107,2015-04-17,63.45
1108,2015-04-20,63.45
1109,2015-04-21,62.08
1110,2015-04-22,62.73
1111,2015-04-23,64.85
1112,2015-04-24,65.28
1113,2015-04-27,64.83
1114,2015-04-28,64.64
1115,2015-04-29,65.84
1116,2015-04-30,66.78
1117,2015-05-01,66.46
1118,2015-05-04,66.45
1119,2015-05-05,67.52
1120,2015-05-06,67.77
1121,2015-05-07,65.54
1122,2015-05-08,65.39
1123,2015-05-11,64.91
1124,2015-05-12,66.86
1125,2015-05-13,66.81
1126,2015-05-14,66.59
1127,2015-05-15,66.81
1128,2015-05-18,66.27
1129,2015-05-19,64.02
1130,2015-05-20,65.03
1131,2015-05-21,66.54
1132,2015-05-22,65.37
1133,2015-05-25,65.52
1134,2015-05-26,63.72
1135,2015-05-27,62.06
1136,2015-05-28,62.58
1137,2015-05-29,65.56
1138,2015-06-01,64.88
1139,2015-06-02,65.49
1140,2015-06-03,63.8
1141,2015-06-04,62.03
1142,2015-06-05,63.31
1143,2015-06-08,62.69
1144,2015-06-09,64.88
1145,2015-06-10,65.7
1146,2015-06-11,65.11
1147,2015-06-12,63.87
1148,2015-06-15,62.61
1149,2015-06-16,63.7
1150,2015-06-17,63.87
1151,2015-06-18,64.26
1152,2015-06-19,63.02
1153,2015-06-22,63.34
1154,2015-06-23,64.45
1155,2015-06-24,63.49
1156,2015-06-25,63.2
1157,2015-06-26,63.26
1158,2015-06-29,62.01
1159,2015-06-30,63.59
1160,2015-07-01,62.01
1161,2015-07-02,62.07
1162,2015-07-03,60.32
1163,2015-07-06,56.54
1164,2015-07-07,56.85
1165,2015-07-08,57.05
1166,2015-07-09,58.61
1167,2015-07-10,58.73
1168,2015-07-13,57.85
1169,2015-07-14,58.51
1170,2015-07-15,57.05
1171,2015-07-16,57.51
1172,2015-07-17,57.1
1173,2015-07-20,56.65
1174,2015-07-21,57.04
1175,2015-07-22,56.13
1176,2015-07-23,55.27
1177,2015-07-24,54.62
1178,2015-07-27,53.47
1179,2015-07-28,53.3
1180,2015-07-29,53.38
1181,2015-07-30,53.31
1182,2015-07-31,52.21
1183,2015-08-03,49.52
1184,2015-08-04,49.99
1185,2015-08-05,49.59
1186,2015-08-06,49.52
1187,2015-08-07,48.61
1188,2015-08-10,50.41
1189,2015-08-11,49.18
1190,2015-08-12,49.66
1191,2015-08-13,49.22
1192,2015-08-14,49.03
1193,2015-08-17,48.74
1194,2015-08-18,48.81
1195,2015-08-19,47.16
1196,2015-08-20,46.62
1197,2015-08-21,45.46
1198,2015-08-24,42.69
1199,2015-08-25,43.21
1200,2015-08-26,43.14
1201,2015-08-27,47.56
1202,2015-08-28,50.05
1203,2015-08-31,54.15
1204,2015-09-01,49.56
1205,2015-09-02,50.5
1206,2015-09-03,50.68
1207,2015-09-04,49.61
1208,2015-09-07,47.63
1209,2015-09-08,49.52
1210,2015-09-09,47.58
1211,2015-09-10,48.89
1212,2015-09-11,48.14
1213,2015-09-14,46.37
1214,2015-09-15,46.63
1215,2015-09-16,49.75
1216,2015-09-17,49.08
1217,2015-09-18,47.47
1218,2015-09-21,48.92
1219,2015-09-22,49.08
1220,2015-09-23,47.75
1221,2015-09-24,48.17
1222,2015-09-25,48.6
1223,2015-09-28,47.34
1224,2015-09-29,48.23
1225,2015-09-30,48.37
1226,2015-10-01,47.69
1227,2015-10-02,48.13
1228,2015-10-05,49.25
1229,2015-10-06,51.92
1230,2015-10-07,51.33
1231,2015-10-08,53.05
1232,2015-10-09,52.65
1233,2015-10-12,49.86
1234,2015-10-13,49.24
1235,2015-10-14,49.15
1236,2015-10-15,48.71
1237,2015-10-16,50.46
1238,2015-10-19,48.61
1239,2015-10-20,48.71
1240,2015-10-21,47.85
1241,2015-10-22,48.08
1242,2015-10-23,47.99
1243,2015-10-26,47.54
1244,2015-10-27,46.81
1245,2015-10-28,49.05
1246,2015-10-29,48.8
1247,2015-10-30,49.56
1248,2015-11-02,48.79
1249,2015-11-03,50.54
1250,2015-11-04,48.58
1251,2015-11-05,47.98
1252,2015-11-06,47.42
1253,2015-11-09,47.19
1254,2015-11-10,47.44
1255,2015-11-11,45.81
1256,2015-11-12,44.06
1257,2015-11-13,43.61
1258,2015-11-16,44.56
1259,2015-11-17,43.57
1260,2015-11-18,44.14
1261,2015-11-19,44.18
1262,2015-11-20,44.66
1263,2015-11-23,44.83
1264,2015-11-24,46.12
1265,2015-11-25,46.17
1266,2015-11-26,45.46
1267,2015-11-27,44.86
1268,2015-11-30,44.61
1269,2015-12-01,44.44
1270,2015-12-02,42.49
1271,2015-12-03,43.84
1272,2015-12-04,43.0
1273,2015-12-07,40.73
1274,2015-12-08,40.26
1275,2015-12-09,40.11
1276,2015-12-10,39.73
1277,2015-12-11,37.93
1278,2015-12-14,37.92
1279,2015-12-15,38.45
1280,2015-12-16,37.19
1281,2015-12-17,37.06
1282,2015-12-18,36.88
1283,2015-12-21,36.35
1284,2015-12-22,36.11
1285,2015-12-23,37.36
1286,2015-12-24,37.89
1287,2015-12-28,36.62
1288,2015-12-29,37.79
1289,2015-12-30,36.46
1290,2015-12-31,37.28
1291,2016-01-04,37.22
1292,2016-01-05,36.42
1293,2016-01-06,34.23
1294,2016-01-07,33.75
1295,2016-01-08,33.55
1296,2016-01-11,31.55
1297,2016-01-12,30.86
1298,2016-01-13,30.31
1299,2016-01-14,31.03
1300,2016-01-15,28.94
1301,2016-01-18,28.55
1302,2016-01-19,28.76
1303,2016-01-20,27.88
1304,2016-01-21,29.25
1305,2016-01-22,32.18
1306,2016-01-25,30.5
1307,2016-01-26,31.8
1308,2016-01-27,33.1
1309,2016-01-28,33.89
1310,2016-01-29,34.74
1311,2016-02-01,34.24
1312,2016-02-02,32.72
1313,2016-02-03,35.04
1314,2016-02-04,34.46
1315,2016-02-05,34.06
1316,2016-02-08,32.88
1317,2016-02-09,30.32
1318,2016-02-10,30.84
1319,2016-02-11,30.06
1320,2016-02-12,33.36
1321,2016-02-15,33.39
1322,2016-02-16,32.18
1323,2016-02-17,34.5
1324,2016-02-18,34.28
1325,2016-02-19,33.01
1326,2016-02-22,34.69
1327,2016-02-23,33.27
1328,2016-02-24,34.41
1329,2016-02-25,35.29
1330,2016-02-26,35.1
1331,2016-02-29,35.97
1332,2016-03-01,36.81
1333,2016-03-02,36.93
1334,2016-03-03,37.07
1335,2016-03-04,38.72
1336,2016-03-07,40.84
1337,2016-03-08,39.65
1338,2016-03-09,41.07
1339,2016-03-10,40.05
1340,2016-03-11,40.39
1341,2016-03-14,39.53
1342,2016-03-15,38.74
1343,2016-03-16,40.33
1344,2016-03-17,41.54
1345,2016-03-18,41.2
1346,2016-03-21,41.54
1347,2016-03-22,41.79
1348,2016-03-23,40.47
1349,2016-03-24,40.44
1350,2016-03-28,40.27
1351,2016-03-29,39.14
1352,2016-03-30,39.26
1353,2016-03-31,39.6
1354,2016-04-01,38.67
1355,2016-04-04,37.69
1356,2016-04-05,37.87
1357,2016-04-06,39.84
1358,2016-04-07,39.43
1359,2016-04-08,41.94
1360,2016-04-11,42.83
1361,2016-04-12,44.69
1362,2016-04-13,44.18
1363,2016-04-14,43.84
1364,2016-04-15,43.1
1365,2016-04-18,42.91
1366,2016-04-19,44.03
1367,2016-04-20,45.8
1368,2016-04-21,44.53
1369,2016-04-22,45.11
1370,2016-04-25,44.48
1371,2016-04-26,45.74
1372,2016-04-27,47.18
1373,2016-04-28,48.14
1374,2016-04-29,48.13
1375,2016-05-02,45.83
1376,2016-05-03,44.97
1377,2016-05-04,44.62
1378,2016-05-05,45.01
1379,2016-05-06,45.37
1380,2016-05-09,43.63
1381,2016-05-10,45.52
1382,2016-05-11,47.6
1383,2016-05-12,48.08
1384,2016-05-13,47.83
1385,2016-05-16,48.97
1386,2016-05-17,49.28
1387,2016-05-18,48.93
1388,2016-05-19,48.81
1389,2016-05-20,48.72
1390,2016-05-23,48.35
1391,2016-05-24,48.61
1392,2016-05-25,49.74
1393,2016-05-26,49.59
1394,2016-05-27,49.32
1395,2016-05-30,49.76
1396,2016-05-31,49.69
1397,2016-06-01,49.72
1398,2016-06-02,50.04
1399,2016-06-03,49.64
1400,2016-06-06,50.55
1401,2016-06-07,51.44
1402,2016-06-08,52.51
1403,2016-06-09,51.95
1404,2016-06-10,50.54
1405,2016-06-13,50.35
1406,2016-06-14,49.83
1407,2016-06-15,48.97
1408,2016-06-16,47.19
1409,2016-06-17,49.17
1410,2016-06-20,50.65
1411,2016-06-21,50.62
1412,2016-06-22,49.88
1413,2016-06-23,50.91
1414,2016-06-24,48.41
1415,2016-06-27,47.16
1416,2016-06-28,48.58
1417,2016-06-29,50.61
1418,2016-06-30,49.68
1419,2016-07-01,50.35
1420,2016-07-04,50.1
1421,2016-07-05,47.96
1422,2016-07-06,48.8
1423,2016-07-07,46.4
1424,2016-07-08,46.76
1425,2016-07-11,46.25
1426,2016-07-12,48.47
1427,2016-07-13,46.26
1428,2016-07-14,47.37
1429,2016-07-15,47.61
1430,2016-07-18,46.96
1431,2016-07-19,46.66
1432,2016-07-20,47.17
1433,2016-07-21,46.2
1434,2016-07-22,45.69
1435,2016-07-25,44.72
1436,2016-07-26,44.87
1437,2016-07-27,43.47
1438,2016-07-28,42.7
1439,2016-07-29,42.46
1440,2016-08-01,42.14
1441,2016-08-02,41.8
1442,2016-08-03,43.1
1443,2016-08-04,44.29
1444,2016-08-05,44.27
1445,2016-08-08,45.39
1446,2016-08-09,44.98
1447,2016-08-10,44.05
1448,2016-08-11,46.04
1449,2016-08-12,46.97
1450,2016-08-15,48.35
1451,2016-08-16,49.23
1452,2016-08-17,49.85
1453,2016-08-18,50.89
1454,2016-08-19,50.88
1455,2016-08-22,49.16
1456,2016-08-23,49.96
1457,2016-08-24,49.05
1458,2016-08-25,49.67
1459,2016-08-26,49.92
1460,2016-08-29,49.26
1461,2016-08-30,48.37
1462,2016-08-31,47.04
1463,2016-09-01,45.45
1464,2016-09-02,46.83
1465,2016-09-05,47.63
1466,2016-09-06,47.26
1467,2016-09-07,47.98
1468,2016-09-08,49.99
1469,2016-09-09,48.01
1470,2016-09-12,48.32
1471,2016-09-13,47.1
1472,2016-09-14,45.85
1473,2016-09-15,46.59
1474,2016-09-16,45.77
1475,2016-09-19,45.95
1476,2016-09-20,45.88
1477,2016-09-21,46.83
1478,2016-09-22,47.65
1479,2016-09-23,45.89
1480,2016-09-26,47.35
1481,2016-09-27,45.97
1482,2016-09-28,48.69
1483,2016-09-29,49.24
1484,2016-09-30,49.06
1485,2016-10-03,50.89
1486,2016-10-04,50.87
1487,2016-10-05,51.86
1488,2016-10-06,52.51
1489,2016-10-07,51.93
1490,2016-10-10,53.14
1491,2016-10-11,52.41
1492,2016-10-12,51.81
1493,2016-10-13,52.03
1494,2016-10-14,51.95
1495,2016-10-17,51.52
1496,2016-10-18,51.68
1497,2016-10-19,52.67
1498,2016-10-20,51.38
1499,2016-10-21,51.78
1500,2016-10-24,51.46
1501,2016-10-25,50.79
1502,2016-10-26,49.98
1503,2016-10-27,50.47
1504,2016-10-28,49.71
1505,2016-10-31,48.3
1506,2016-11-01,48.14
1507,2016-11-02,46.86
1508,2016-11-03,46.35
1509,2016-11-04,45.58
1510,2016-11-07,46.15
1511,2016-11-08,46.04
1512,2016-11-09,46.36
1513,2016-11-10,45.84
1514,2016-11-11,44.75
1515,2016-11-14,44.43
1516,2016-11-15,46.95
1517,2016-11-16,46.63
1518,2016-11-17,46.49
1519,2016-11-18,46.86
1520,2016-11-21,48.9
1521,2016-11-22,49.12
1522,2016-11-23,48.95
1523,2016-11-24,49.0
1524,2016-11-25,47.24
1525,2016-11-28,48.24
1526,2016-11-29,46.38
1527,2016-11-30,50.47
1528,2016-12-01,53.94
1529,2016-12-02,54.46
1530,2016-12-05,54.94
1531,2016-12-06,53.93
1532,2016-12-07,53.0
1533,2016-12-08,53.89
1534,2016-12-09,54.33
1535,2016-12-12,55.69
1536,2016-12-13,55.72
1537,2016-12-14,53.9
1538,2016-12-15,54.02
1539,2016-12-16,55.21
1540,2016-12-19,54.92
1541,2016-12-20,55.35
1542,2016-12-21,54.46
1543,2016-12-22,55.05
1544,2016-12-23,55.16
1545,2016-12-27,56.09
1546,2016-12-28,56.22
1547,2016-12-29,56.14
1548,2016-12-30,56.82
1549,2017-01-02,56.82
1550,2017-01-03,55.47
1551,2017-01-04,56.46
1552,2017-01-05,56.89
1553,2017-01-06,57.1
1554,2017-01-09,54.94
1555,2017-01-10,53.64
1556,2017-01-11,55.1
1557,2017-01-12,56.01
1558,2017-01-13,55.45
1559,2017-01-16,55.86
1560,2017-01-17,55.47
1561,2017-01-18,53.92
1562,2017-01-19,54.16
1563,2017-01-20,55.49
1564,2017-01-23,55.23
1565,2017-01-24,55.44
1566,2017-01-25,55.08
1567,2017-01-26,56.24
1568,2017-01-27,55.52
1569,2017-01-30,55.23
1570,2017-01-31,55.7
1571,2017-02-01,56.8
1572,2017-02-02,56.56
1573,2017-02-03,56.81
1574,2017-02-06,55.72
1575,2017-02-07,55.05
1576,2017-02-08,55.12
1577,2017-02-09,55.63
1578,2017-02-10,56.7
1579,2017-02-13,55.59
1580,2017-02-14,55.97
1581,2017-02-15,55.75
1582,2017-02-16,55.65
1583,2017-02-17,55.81
1584,2017-02-20,56.18
1585,2017-02-21,56.66
1586,2017-02-22,55.84
1587,2017-02-23,56.58
1588,2017-02-24,55.99
1589,2017-02-27,55.93
1590,2017-02-28,55.59
1591,2017-03-01,56.36
1592,2017-03-02,55.08
1593,2017-03-03,55.9
1594,2017-03-06,56.01
1595,2017-03-07,55.92
1596,2017-03-08,53.11
1597,2017-03-09,52.19
1598,2017-03-10,51.37
1599,2017-03-13,51.35
1600,2017-03-14,50.92
1601,2017-03-15,51.81
1602,2017-03-16,51.74
1603,2017-03-17,51.76
1604,2017-03-20,51.62
1605,2017-03-21,50.96
1606,2017-03-22,50.64
1607,2017-03-23,50.56
1608,2017-03-24,50.8
1609,2017-03-27,50.75
1610,2017-03-28,51.33
1611,2017-03-29,52.42
1612,2017-03-30,52.96
1613,2017-03-31,52.83
1614,2017-04-03,53.12
1615,2017-04-04,54.17
1616,2017-04-05,54.36
1617,2017-04-06,54.89
1618,2017-04-07,55.24
1619,2017-04-10,55.98
1620,2017-04-11,56.23
1621,2017-04-12,55.86
1622,2017-04-13,55.89
1623,2017-04-17,55.36
1624,2017-04-18,54.89
1625,2017-04-19,52.93
1626,2017-04-20,52.99
1627,2017-04-21,51.96
1628,2017-04-24,51.6
1629,2017-04-25,52.1
1630,2017-04-26,51.82
1631,2017-04-27,51.44
1632,2017-04-28,51.73
1633,2017-05-01,51.52
1634,2017-05-02,50.46
1635,2017-05-03,50.79
1636,2017-05-04,48.38
1637,2017-05-05,49.1
1638,2017-05-08,49.34
1639,2017-05-09,48.73
1640,2017-05-10,50.22
1641,2017-05-11,50.77
1642,2017-05-12,50.84
1643,2017-05-15,51.82
1644,2017-05-16,51.65
1645,2017-05-17,52.21
1646,2017-05-18,52.51
1647,2017-05-19,53.61
1648,2017-05-22,53.87
1649,2017-05-23,54.15
1650,2017-05-24,53.96
1651,2017-05-25,51.46
1652,2017-05-26,52.15
1653,2017-05-29,52.29
1654,2017-05-30,51.84
1655,2017-05-31,50.31
1656,2017-06-01,50.63
1657,2017-06-02,49.95
1658,2017-06-05,49.47
1659,2017-06-06,50.12
1660,2017-06-07,48.06
1661,2017-06-08,47.86
1662,2017-06-09,48.15
1663,2017-06-12,48.29
1664,2017-06-13,48.72
1665,2017-06-14,47.0
1666,2017-06-15,46.92
1667,2017-06-16,47.37
1668,2017-06-19,46.91
1669,2017-06-20,46.02
1670,2017-06-21,44.82
1671,2017-06-22,45.22
1672,2017-06-23,45.54
1673,2017-06-26,45.83
1674,2017-06-27,46.65
1675,2017-06-28,47.31
1676,2017-06-29,47.42
1677,2017-06-30,47.92
1678,2017-07-03,49.68
1679,2017-07-04,49.61
1680,2017-07-05,47.79
1681,2017-07-06,48.11
1682,2017-07-07,46.71
1683,2017-07-10,46.88
1684,2017-07-11,47.52
1685,2017-07-12,47.74
1686,2017-07-13,48.42
1687,2017-07-14,48.91
1688,2017-07-17,48.42
1689,2017-07-18,48.84
1690,2017-07-19,49.7
1691,2017-07-20,49.3
1692,2017-07-21,48.06
1693,2017-07-24,48.6
1694,2017-07-25,50.2
1695,2017-07-26,50.97
1696,2017-07-27,51.49
1697,2017-07-28,52.52
1698,2017-07-31,52.65
1699,2017-08-01,51.78
1700,2017-08-02,52.36
1701,2017-08-03,52.01
1702,2017-08-04,52.42
1703,2017-08-07,52.37
1704,2017-08-08,52.14
1705,2017-08-09,52.7
1706,2017-08-10,51.9
1707,2017-08-11,52.1
1708,2017-08-14,50.73
1709,2017-08-15,50.8
1710,2017-08-16,50.27
1711,2017-08-17,51.03
1712,2017-08-18,52.72
1713,2017-08-21,51.66
1714,2017-08-22,51.87
1715,2017-08-23,52.57
1716,2017-08-24,52.04
1717,2017-08-25,52.41
1718,2017-08-28,51.89
1719,2017-08-29,52.0
1720,2017-08-30,50.86
1721,2017-08-31,52.38
1722,2017-09-01,52.75
1723,2017-09-04,52.34
1724,2017-09-05,53.38
1725,2017-09-06,54.2
1726,2017-09-07,54.49
1727,2017-09-08,53.78
1728,2017-09-11,53.84
1729,2017-09-12,54.27
1730,2017-09-13,55.16
1731,2017-09-14,55.47
1732,2017-09-15,55.62
1733,2017-09-18,55.48
1734,2017-09-19,55.14
1735,2017-09-20,56.29
1736,2017-09-21,56.43
1737,2017-09-22,56.86
1738,2017-09-25,59.02
1739,2017-09-26,58.44
1740,2017-09-27,57.9
1741,2017-09-28,57.41
1742,2017-09-29,57.54
1743,2017-10-02,56.12
1744,2017-10-03,56.0
1745,2017-10-04,55.8
1746,2017-10-05,57.0
1747,2017-10-06,55.62
1748,2017-10-09,55.79
1749,2017-10-10,56.61
1750,2017-10-11,56.94
1751,2017-10-12,56.25
1752,2017-10-13,57.17
1753,2017-10-16,57.82
1754,2017-10-17,57.88
1755,2017-10-18,58.15
1756,2017-10-19,57.23
1757,2017-10-20,57.75
1758,2017-10-23,57.37
1759,2017-10-24,58.33
1760,2017-10-25,58.44
1761,2017-10-26,59.3
1762,2017-10-27,60.44
1763,2017-10-30,60.9
1764,2017-10-31,61.37
1765,2017-11-01,60.49
1766,2017-11-02,60.62
1767,2017-11-03,62.07
1768,2017-11-06,64.27
1769,2017-11-07,63.69
1770,2017-11-08,63.49
1771,2017-11-09,63.93
1772,2017-11-10,63.52
1773,2017-11-13,63.16
1774,2017-11-14,62.21
1775,2017-11-15,61.87
1776,2017-11-16,61.36
1777,2017-11-17,62.72
1778,2017-11-20,62.22
1779,2017-11-21,62.57
1780,2017-11-22,63.32
1781,2017-11-23,63.55
1782,2017-11-24,63.86
1783,2017-11-27,63.84
1784,2017-11-28,63.61
1785,2017-11-29,63.11
1786,2017-11-30,63.57
1787,2017-12-01,63.73
1788,2017-12-04,62.45
1789,2017-12-05,62.86
1790,2017-12-06,61.22
1791,2017-12-07,62.2
1792,2017-12-08,63.4
1793,2017-12-11,64.69
1794,2017-12-12,63.34
1795,2017-12-13,62.44
1796,2017-12-14,63.31
1797,2017-12-15,63.23
1798,2017-12-18,63.41
1799,2017-12-19,63.8
1800,2017-12-20,64.56
1801,2017-12-21,64.9
1802,2017-12-22,65.25
1803,2017-12-26,67.02
1804,2017-12-27,66.44
1805,2017-12-28,66.72
1806,2017-12-29,66.87
1807,2018-01-02,66.57
1808,2018-01-03,67.84
1809,2018-01-04,68.07
1810,2018-01-05,67.62
1811,2018-01-08,67.78
1812,2018-01-09,68.82
1813,2018-01-10,69.2
1814,2018-01-11,69.26
1815,2018-01-12,69.87
1816,2018-01-15,70.26
1817,2018-01-16,69.15
1818,2018-01-17,69.38
1819,2018-01-18,69.31
1820,2018-01-19,68.61
1821,2018-01-22,69.03
1822,2018-01-23,69.96
1823,2018-01-24,70.53
1824,2018-01-25,70.42
1825,2018-01-26,70.52
1826,2018-01-29,69.46
1827,2018-01-30,69.02
1828,2018-01-31,69.05
1829,2018-02-01,69.65
1830,2018-02-02,68.58
1831,2018-02-05,67.62
1832,2018-02-06,66.86
1833,2018-02-07,65.51
1834,2018-02-08,64.81
1835,2018-02-09,62.79
1836,2018-02-12,62.59
1837,2018-02-13,62.72
1838,2018-02-14,64.36
1839,2018-02-15,64.33
1840,2018-02-16,64.84
1841,2018-02-19,65.67
1842,2018-02-20,65.25
1843,2018-02-21,65.42
1844,2018-02-22,66.39
1845,2018-02-23,67.31
1846,2018-02-26,67.5
1847,2018-02-27,66.63
1848,2018-02-28,65.78
1849,2018-03-01,63.83
1850,2018-03-02,64.37
1851,2018-03-05,65.54
1852,2018-03-06,65.79
1853,2018-03-07,64.34
1854,2018-03-08,63.61
1855,2018-03-09,65.49
1856,2018-03-12,64.95
1857,2018-03-13,64.64
1858,2018-03-14,64.89
1859,2018-03-15,65.12
1860,2018-03-16,66.21
1861,2018-03-19,66.05
1862,2018-03-20,67.42
1863,2018-03-21,69.47
1864,2018-03-22,68.91
1865,2018-03-23,70.45
1866,2018-03-26,70.12
1867,2018-03-27,70.11
1868,2018-03-28,69.53
1869,2018-03-29,70.27
1870,2018-04-02,67.64
1871,2018-04-03,68.12
1872,2018-04-04,68.02
1873,2018-04-05,68.33
1874,2018-04-06,67.11
1875,2018-04-09,68.65
1876,2018-04-10,71.04
1877,2018-04-11,72.06
1878,2018-04-12,72.02
1879,2018-04-13,72.58
1880,2018-04-16,71.42
1881,2018-04-17,71.58
1882,2018-04-18,73.48
1883,2018-04-19,73.78
1884,2018-04-20,74.06
1885,2018-04-23,74.71
1886,2018-04-24,73.86
1887,2018-04-25,74.0
1888,2018-04-26,74.74
1889,2018-04-27,74.64
1890,2018-04-30,75.17
1891,2018-05-01,73.13
1892,2018-05-02,73.36
1893,2018-05-03,73.62
1894,2018-05-04,74.87
1895,2018-05-07,76.17
1896,2018-05-08,74.85
1897,2018-05-09,77.21
1898,2018-05-10,77.47
1899,2018-05-11,77.12
1900,2018-05-14,78.23
1901,2018-05-15,78.43
1902,2018-05-16,79.28
1903,2018-05-17,79.3
1904,2018-05-18,78.51
1905,2018-05-21,79.22
1906,2018-05-22,79.57
1907,2018-05-23,79.8
1908,2018-05-24,78.79
1909,2018-05-25,76.44
1910,2018-05-28,75.3
1911,2018-05-29,75.39
1912,2018-05-30,77.5
1913,2018-05-31,77.59
1914,2018-06-01,76.79
1915,2018-06-04,75.29
1916,2018-06-05,75.38
1917,2018-06-06,75.36
1918,2018-06-07,77.32
1919,2018-06-08,76.46
1920,2018-06-11,76.46
1921,2018-06-12,75.88
1922,2018-06-13,76.74
1923,2018-06-14,75.94
1924,2018-06-15,73.44
1925,2018-06-18,75.34
1926,2018-06-19,75.08
1927,2018-06-20,74.74
1928,2018-06-21,73.05
1929,2018-06-22,75.55
1930,2018-06-25,74.73
1931,2018-06-26,76.31
1932,2018-06-27,77.62
1933,2018-06-28,77.85
1934,2018-06-29,79.44
1935,2018-07-02,77.3
1936,2018-07-03,77.76
1937,2018-07-04,78.24
1938,2018-07-05,77.39
1939,2018-07-06,77.11
1940,2018-07-09,78.07
1941,2018-07-10,78.86
1942,2018-07-11,73.4
1943,2018-07-12,74.45
1944,2018-07-13,75.33
1945,2018-07-16,71.84
1946,2018-07-17,72.16
1947,2018-07-18,72.9
1948,2018-07-19,72.58
1949,2018-07-20,73.07
1950,2018-07-23,73.06
1951,2018-07-24,73.44
1952,2018-07-25,73.93
1953,2018-07-26,74.54
1954,2018-07-27,74.29
1955,2018-07-30,74.97
1956,2018-07-31,74.25
1957,2018-08-01,72.39
1958,2018-08-02,73.45
1959,2018-08-03,73.21
1960,2018-08-06,73.75
1961,2018-08-07,74.65
1962,2018-08-08,72.28
1963,2018-08-09,72.07
1964,2018-08-10,72.81
1965,2018-08-13,72.61
1966,2018-08-14,72.46
1967,2018-08-15,70.76
1968,2018-08-16,71.43
1969,2018-08-17,71.83
1970,2018-08-20,72.21
1971,2018-08-21,72.63
1972,2018-08-22,74.78
1973,2018-08-23,74.73
1974,2018-08-24,75.82
1975,2018-08-27,76.21
1976,2018-08-28,75.95
1977,2018-08-29,77.14
1978,2018-08-30,77.77
1979,2018-08-31,77.42
1980,2018-09-03,78.15
1981,2018-09-04,78.17
1982,2018-09-05,77.27
1983,2018-09-06,76.5
1984,2018-09-07,76.83
1985,2018-09-10,77.37
1986,2018-09-11,79.06
1987,2018-09-12,79.74
1988,2018-09-13,78.18
1989,2018-09-14,78.09
1990,2018-09-17,78.05
1991,2018-09-18,79.03
1992,2018-09-19,79.4
1993,2018-09-20,78.7
1994,2018-09-21,78.8
1995,2018-09-24,81.2
1996,2018-09-25,81.87
1997,2018-09-26,81.34
1998,2018-09-27,81.72
1999,2018-09-28,82.72
2000,2018-10-01,84.98
2001,2018-10-02,84.8
2002,2018-10-03,86.29
2003,2018-10-04,84.58
2004,2018-10-05,84.16
2005,2018-10-08,83.91
2006,2018-10-09,85.0
2007,2018-10-10,83.09
2008,2018-10-11,80.26
2009,2018-10-12,80.43
2010,2018-10-15,80.78
2011,2018-10-16,81.41
2012,2018-10-17,80.05
2013,2018-10-18,79.29
2014,2018-10-19,79.78
2015,2018-10-22,79.83
2016,2018-10-23,76.44
2017,2018-10-24,76.17
2018,2018-10-25,76.89
2019,2018-10-26,77.62
2020,2018-10-29,77.34
2021,2018-10-30,75.91
2022,2018-10-31,75.47
2023,2018-11-01,72.89
2024,2018-11-02,72.83
2025,2018-11-05,73.17
2026,2018-11-06,72.13
2027,2018-11-07,72.07
2028,2018-11-08,70.65
2029,2018-11-09,70.18
2030,2018-11-12,70.12
2031,2018-11-13,65.47
2032,2018-11-14,66.12
2033,2018-11-15,66.62
2034,2018-11-16,66.76
2035,2018-11-19,66.79
2036,2018-11-20,62.53
2037,2018-11-21,63.48
2038,2018-11-22,62.6
2039,2018-11-23,58.8
2040,2018-11-26,60.48
2041,2018-11-27,60.21
2042,2018-11-28,58.76
2043,2018-11-29,59.51
2044,2018-11-30,58.71
2045,2018-12-03,61.69
2046,2018-12-04,62.08
2047,2018-12-05,61.56
2048,2018-12-06,60.06
2049,2018-12-07,61.67
2050,2018-12-10,59.97
2051,2018-12-11,60.2
2052,2018-12-12,60.15
2053,2018-12-13,61.45
2054,2018-12-14,60.28
2055,2018-12-17,59.61
2056,2018-12-18,56.26
2057,2018-12-19,57.24
2058,2018-12-20,54.35
2059,2018-12-21,53.82
2060,2018-12-24,50.47
2061,2018-12-26,54.47
2062,2018-12-27,52.16
2063,2018-12-28,52.2
2064,2018-12-31,53.8
2065,2019-01-02,54.91
2066,2019-01-03,55.95
2067,2019-01-04,57.06
2068,2019-01-07,57.33
2069,2019-01-08,58.72
2070,2019-01-09,61.44
2071,2019-01-10,61.68
2072,2019-01-11,60.48
2073,2019-01-14,58.99
2074,2019-01-15,60.64
2075,2019-01-16,61.32
2076,2019-01-17,61.18
2077,2019-01-18,62.7
2078,2019-01-21,62.74
2079,2019-01-22,61.5
2080,2019-01-23,61.14
2081,2019-01-24,61.09
2082,2019-01-25,61.64
2083,2019-01-28,59.93
2084,2019-01-29,61.32
2085,2019-01-30,61.65
2086,2019-01-31,61.89
2087,2019-02-01,62.75
2088,2019-02-04,62.51
2089,2019-02-05,61.98
2090,2019-02-06,62.69
2091,2019-02-07,61.63
2092,2019-02-08,62.1
2093,2019-02-11,61.51
2094,2019-02-12,62.42
2095,2019-02-13,63.61
2096,2019-02-14,64.57
2097,2019-02-15,66.25
2098,2019-02-18,66.5
2099,2019-02-19,66.45
2100,2019-02-20,67.08
2101,2019-02-21,67.07
2102,2019-02-22,67.12
2103,2019-02-25,64.76
2104,2019-02-26,65.21
2105,2019-02-27,66.39
2106,2019-02-28,66.03
2107,2019-03-01,65.07
2108,2019-03-04,65.67
2109,2019-03-05,65.86
2110,2019-03-06,65.99
2111,2019-03-07,66.3
2112,2019-03-08,65.74
2113,2019-03-11,66.58
2114,2019-03-12,66.67
2115,2019-03-13,67.55
2116,2019-03-14,67.23
2117,2019-03-15,67.16
2118,2019-03-18,67.54
2119,2019-03-19,67.61
2120,2019-03-20,68.5
2121,2019-03-21,67.86
2122,2019-03-22,67.03
2123,2019-03-25,67.21
2124,2019-03-26,67.97
2125,2019-03-27,67.83
2126,2019-03-28,67.82
2127,2019-03-29,68.39
2128,2019-04-01,69.01
2129,2019-04-02,69.37
2130,2019-04-03,69.31
2131,2019-04-04,69.4
2132,2019-04-05,70.34
2133,2019-04-08,71.1
2134,2019-04-09,70.61
2135,2019-04-10,71.73
2136,2019-04-11,70.83
2137,2019-04-12,71.55
2138,2019-04-15,71.18
2139,2019-04-16,71.72
2140,2019-04-17,71.62
2141,2019-04-18,71.97
2142,2019-04-22,74.04
2143,2019-04-23,74.51
2144,2019-04-24,74.57
2145,2019-04-25,74.35
2146,2019-04-26,72.15
2147,2019-04-29,72.04
2148,2019-04-30,72.8
2149,2019-05-01,72.18
2150,2019-05-02,70.75
2151,2019-05-03,70.85
2152,2019-05-06,71.24
2153,2019-05-07,69.88
2154,2019-05-08,70.37
2155,2019-05-09,70.39
2156,2019-05-10,70.62
2157,2019-05-13,70.23
2158,2019-05-14,71.24
2159,2019-05-15,71.77
2160,2019-05-16,72.62
2161,2019-05-17,72.21
2162,2019-05-20,71.97
2163,2019-05-21,72.18
2164,2019-05-22,70.99
2165,2019-05-23,67.76
2166,2019-05-24,68.69
2167,2019-05-27,70.11
2168,2019-05-28,70.11
2169,2019-05-29,69.45
2170,2019-05-30,66.87
2171,2019-05-31,64.49
2172,2019-06-03,61.28
2173,2019-06-04,61.97
2174,2019-06-05,60.63
2175,2019-06-06,61.67
2176,2019-06-07,63.29
2177,2019-06-10,62.29
2178,2019-06-11,62.29
2179,2019-06-12,59.97
2180,2019-06-13,61.31
2181,2019-06-14,62.01
2182,2019-06-17,60.94
2183,2019-06-18,62.14
2184,2019-06-19,61.82
2185,2019-06-20,64.45
2186,2019-06-21,65.2
2187,2019-06-24,64.86
2188,2019-06-25,65.05
2189,2019-06-26,66.49
2190,2019-06-27,66.55
2191,2019-06-28,66.55
2192,2019-07-01,65.06
2193,2019-07-02,62.4
2194,2019-07-03,63.82
2195,2019-07-04,63.3
2196,2019-07-05,64.23
2197,2019-07-08,64.11
2198,2019-07-09,64.16
2199,2019-07-10,67.01
2200,2019-07-11,66.52
2201,2019-07-12,66.72
2202,2019-07-15,66.48
2203,2019-07-16,64.35
2204,2019-07-17,63.66
2205,2019-07-18,61.93
2206,2019-07-19,62.47
2207,2019-07-22,63.26
2208,2019-07-23,63.83
2209,2019-07-24,63.18
2210,2019-07-25,63.39
2211,2019-07-26,63.46
2212,2019-07-29,63.71
2213,2019-07-30,64.72
2214,2019-07-31,65.17
2215,2019-08-01,60.5
2216,2019-08-02,61.89
2217,2019-08-05,59.81
2218,2019-08-06,58.94
2219,2019-08-07,56.23
2220,2019-08-08,57.38
2221,2019-08-09,58.53
2222,2019-08-12,58.57
2223,2019-08-13,61.3
2224,2019-08-14,59.48
2225,2019-08-15,58.23
2226,2019-08-16,58.64
2227,2019-08-19,59.74
2228,2019-08-20,60.03
2229,2019-08-21,60.3
2230,2019-08-22,59.92
2231,2019-08-23,59.34
2232,2019-08-26,58.7
2233,2019-08-27,59.51
2234,2019-08-28,60.49
2235,2019-08-29,61.08
2236,2019-08-30,60.43
2237,2019-09-02,58.66
2238,2019-09-03,58.26
2239,2019-09-04,60.7
2240,2019-09-05,60.95
2241,2019-09-06,61.54
2242,2019-09-09,62.59
2243,2019-09-10,62.38
2244,2019-09-11,60.81
2245,2019-09-12,60.38
2246,2019-09-13,60.22
2247,2019-09-16,69.02
2248,2019-09-17,64.55
2249,2019-09-18,63.6
2250,2019-09-19,64.4
2251,2019-09-20,64.28
2252,2019-09-23,64.77
2253,2019-09-24,63.1
2254,2019-09-25,62.39
2255,2019-09-26,62.74
2256,2019-09-27,61.91
2257,2019-09-30,60.78
2258,2019-10-01,58.89
2259,2019-10-02,57.69
2260,2019-10-03,57.71
2261,2019-10-04,58.37
2262,2019-10-07,58.35
2263,2019-10-08,58.24
2264,2019-10-09,58.32
2265,2019-10-10,59.1
2266,2019-10-11,60.51
2267,2019-10-14,59.35
2268,2019-10-15,58.74
2269,2019-10-16,59.42
2270,2019-10-17,59.91
2271,2019-10-18,59.42
2272,2019-10-21,58.96
2273,2019-10-22,59.7
2274,2019-10-23,61.17
2275,2019-10-24,61.67
2276,2019-10-25,62.02
2277,2019-10-28,61.57
2278,2019-10-29,61.59
2279,2019-10-30,60.61
2280,2019-10-31,60.23
2281,2019-11-01,61.69
2282,2019-11-04,62.13
2283,2019-11-05,62.96
2284,2019-11-06,61.74
2285,2019-11-07,62.29
2286,2019-11-08,62.51
2287,2019-11-11,62.18
2288,2019-11-12,62.06
2289,2019-11-13,62.37
2290,2019-11-14,62.28
2291,2019-11-15,63.3
2292,2019-11-18,62.44
2293,2019-11-19,60.91
2294,2019-11-20,62.4
2295,2019-11-21,63.97
2296,2019-11-22,63.39
2297,2019-11-25,63.65
2298,2019-11-26,64.27
2299,2019-11-27,64.06
2300,2019-11-28,63.87
2301,2019-11-29,62.43
2302,2019-12-02,60.92
2303,2019-12-03,60.82
2304,2019-12-04,63.0
2305,2019-12-05,63.39
2306,2019-12-06,64.39
2307,2019-12-09,64.25
2308,2019-12-10,64.34
2309,2019-12-11,63.72
2310,2019-12-12,64.2
2311,2019-12-13,65.22
2312,2019-12-16,65.34
2313,2019-12-17,66.1
2314,2019-12-18,66.17
2315,2019-12-19,66.54
2316,2019-12-20,66.14
2317,2019-12-23,66.39
2318,2019-12-24,67.2
2319,2019-12-26,67.92
2320,2019-12-27,68.16
2321,2019-12-30,68.44
2322,2019-12-31,66.0
2323,2020-01-02,66.25
2324,2020-01-03,68.6
2325,2020-01-06,68.91
2326,2020-01-07,68.27
2327,2020-01-08,65.44
2328,2020-01-09,65.37
2329,2020-01-10,64.98
2330,2020-01-13,64.2
2331,2020-01-14,64.49
2332,2020-01-15,64.0
2333,2020-01-16,64.62
2334,2020-01-17,64.85
2335,2020-01-20,65.2
2336,2020-01-21,64.59
2337,2020-01-22,63.21
2338,2020-01-23,62.04
2339,2020-01-24,60.69
2340,2020-01-27,59.32
2341,2020-01-28,59.51
2342,2020-01-29,59.81
2343,2020-01-30,58.29
2344,2020-01-31,58.16
2345,2020-02-03,54.45
2346,2020-02-04,53.96
2347,2020-02-05,55.28
2348,2020-02-06,54.93
2349,2020-02-07,54.47
2350,2020-02-10,53.27
2351,2020-02-11,54.01
2352,2020-02-12,55.79
2353,2020-02-13,56.34
2354,2020-02-14,57.32
2355,2020-02-17,57.67
2356,2020-02-18,57.75
2357,2020-02-19,59.12
2358,2020-02-20,59.31
2359,2020-02-21,58.5
2360,2020-02-24,56.3
2361,2020-02-25,54.95
2362,2020-02-26,53.43
2363,2020-02-27,52.18
2364,2020-02-28,50.52
2365,2020-03-02,51.9
2366,2020-03-03,51.86
2367,2020-03-04,51.13
2368,2020-03-05,49.99
2369,2020-03-06,45.27
2370,2020-03-09,34.36
2371,2020-03-10,37.22
2372,2020-03-11,35.79
2373,2020-03-12,33.22
2374,2020-03-13,33.85
2375,2020-03-16,30.05
2376,2020-03-17,28.73
2377,2020-03-18,24.88
2378,2020-03-19,28.47
2379,2020-03-20,26.98
2380,2020-03-23,27.03
2381,2020-03-24,27.15
2382,2020-03-25,27.39
2383,2020-03-26,26.34
2384,2020-03-27,24.93
2385,2020-03-30,22.76
2386,2020-03-31,22.74
2387,2020-04-01,24.74
2388,2020-04-02,29.94
2389,2020-04-03,34.11
2390,2020-04-06,33.05
2391,2020-04-07,31.87
2392,2020-04-08,32.84
2393,2020-04-09,31.48
2394,2020-04-13,31.74
2395,2020-04-14,29.6
2396,2020-04-15,27.69
2397,2020-04-16,27.82
2398,2020-04-17,28.08
2399,2020-04-20,25.57
2400,2020-04-21,19.33
2401,2020-04-22,20.37
2402,2020-04-23,21.33
2403,2020-04-24,21.44
2404,2020-04-27,19.99
2405,2020-04-28,20.46
2406,2020-04-29,22.54
2407,2020-04-30,25.27
2408,2020-05-01,26.44
2409,2020-05-04,27.2
2410,2020-05-05,30.97
2411,2020-05-06,29.72
2412,2020-05-07,29.46
2413,2020-05-08,30.97
2414,2020-05-11,29.63
2415,2020-05-12,29.98
2416,2020-05-13,29.19
2417,2020-05-14,31.13
2418,2020-05-15,32.5
2419,2020-05-18,34.81
2420,2020-05-19,34.65
2421,2020-05-20,35.75
2422,2020-05-21,36.06
2423,2020-05-22,35.13
2424,2020-05-25,35.53
2425,2020-05-26,36.17
2426,2020-05-27,34.74
2427,2020-05-28,35.29
2428,2020-05-29,35.33
2429,2020-06-01,38.32
2430,2020-06-02,39.57
2431,2020-06-03,39.79
2432,2020-06-04,39.99
2433,2020-06-05,42.3
2434,2020-06-08,40.8
2435,2020-06-09,41.18
2436,2020-06-10,41.73
2437,2020-06-11,38.55
2438,2020-06-12,38.73
2439,2020-06-15,39.72
2440,2020-06-16,40.96
2441,2020-06-17,40.71
2442,2020-06-18,41.51
2443,2020-06-19,42.19
2444,2020-06-22,43.08
2445,2020-06-23,42.63
2446,2020-06-24,40.31
2447,2020-06-25,41.05
2448,2020-06-26,41.02
2449,2020-06-29,41.71
2450,2020-06-30,41.15
2451,2020-07-01,42.03
2452,2020-07-02,43.14
2453,2020-07-03,42.8
2454,2020-07-06,43.1
2455,2020-07-07,43.08
2456,2020-07-08,43.29
2457,2020-07-09,42.35
2458,2020-07-10,43.24
2459,2020-07-13,42.72
2460,2020-07-14,42.9
2461,2020-07-15,43.79
2462,2020-07-16,43.37
2463,2020-07-17,43.14
2464,2020-07-20,43.28
2465,2020-07-21,44.32
2466,2020-07-22,44.29
2467,2020-07-23,43.31
2468,2020-07-24,43.34
2469,2020-07-27,43.41
2470,2020-07-28,43.22
2471,2020-07-29,43.75
2472,2020-07-30,42.94
2473,2020-07-31,43.3
2474,2020-08-03,44.15
2475,2020-08-04,44.43
2476,2020-08-05,45.17
2477,2020-08-06,45.09
2478,2020-08-07,44.4
2479,2020-08-10,44.99
2480,2020-08-11,44.5
2481,2020-08-12,45.43
2482,2020-08-13,44.96
2483,2020-08-14,44.8
2484,2020-08-17,45.37
2485,2020-08-18,45.46
2486,2020-08-19,45.37
2487,2020-08-20,44.9
2488,2020-08-21,44.35
2489,2020-08-24,45.13
2490,2020-08-25,45.86
2491,2020-08-26,45.64
2492,2020-08-27,45.09
2493,2020-08-28,45.05
2494,2020-08-31,45.28
2495,2020-09-01,45.58
2496,2020-09-02,44.43
2497,2020-09-03,44.07
2498,2020-09-04,42.66
2499,2020-09-07,42.01
2500,2020-09-08,39.78
2501,2020-09-09,40.79
2502,2020-09-10,40.06
2503,2020-09-11,39.83
2504,2020-09-14,39.61
2505,2020-09-15,40.53
2506,2020-09-16,42.22
2507,2020-09-17,43.3
2508,2020-09-18,43.15
2509,2020-09-21,41.44
2510,2020-09-22,41.72
2511,2020-09-23,41.77
2512,2020-09-24,41.94
2513,2020-09-25,41.92
2514,2020-09-28,42.43
2515,2020-09-29,41.03
2516,2020-09-30,40.95
2517,2020-10-01,40.93
2518,2020-10-02,39.27
2519,2020-10-05,41.29
2520,2020-10-06,42.65
2521,2020-10-07,41.99
2522,2020-10-08,43.34
2523,2020-10-09,42.85
2524,2020-10-12,41.72
2525,2020-10-13,42.45
2526,2020-10-14,43.32
2527,2020-10-15,43.16
2528,2020-10-16,42.93
2529,2020-10-19,42.62
2530,2020-10-20,43.16
2531,2020-10-21,41.73
2532,2020-10-22,42.46
2533,2020-10-23,41.77
2534,2020-10-26,40.46
2535,2020-10-27,41.2
2536,2020-10-28,39.12
2537,2020-10-29,37.65
2538,2020-10-30,37.46
2539,2020-11-02,38.97
2540,2020-11-03,39.71
2541,2020-11-04,41.23
2542,2020-11-05,40.93
2543,2020-11-06,39.45
2544,2020-11-09,42.4
2545,2020-11-10,43.61
2546,2020-11-11,43.8
2547,2020-11-12,43.53
2548,2020-11-13,42.78
2549,2020-11-16,43.82
2550,2020-11-17,43.75
2551,2020-11-18,44.34
2552,2020-11-19,44.2
2553,2020-11-20,44.96
2554,2020-11-23,46.06
2555,2020-11-24,47.86
2556,2020-11-25,48.61
2557,2020-11-26,47.8
2558,2020-11-27,48.18
2559,2020-11-30,47.59
2560,2020-12-01,47.42
2561,2020-12-02,48.25
2562,2020-12-03,48.71
2563,2020-12-04,49.25
2564,2020-12-07,48.79
2565,2020-12-08,48.84
2566,2020-12-09,48.86
2567,2020-12-10,50.25
2568,2020-12-11,49.97
2569,2020-12-14,50.29
2570,2020-12-15,50.76
2571,2020-12-16,51.08
2572,2020-12-17,51.5
2573,2020-12-18,52.26
2574,2020-12-21,50.91
2575,2020-12-22,50.08
2576,2020-12-23,51.2
2577,2020-12-24,51.29
2578,2020-12-28,50.86
2579,2020-12-29,51.09
2580,2020-12-30,51.34
2581,2020-12-31,51.8
2582,2021-01-04,51.09
2583,2021-01-05,53.6
2584,2021-01-06,54.3
2585,2021-01-07,54.38
2586,2021-01-08,55.99
2587,2021-01-11,55.66
2588,2021-01-12,56.58
2589,2021-01-13,56.06
2590,2021-01-14,56.42
2591,2021-01-15,55.1
2592,2021-01-18,54.75
2593,2021-01-19,55.9
2594,2021-01-20,56.08
2595,2021-01-21,56.1
2596,2021-01-22,55.41
2597,2021-01-25,55.88
2598,2021-01-26,55.91
2599,2021-01-27,55.81
2600,2021-01-28,55.53
2601,2021-01-29,55.88
2602,2021-02-01,56.35
2603,2021-02-02,57.46
2604,2021-02-03,58.46
2605,2021-02-04,58.84
2606,2021-02-05,59.34
2607,2021-02-08,60.56
2608,2021-02-09,61.09
2609,2021-02-10,61.47
2610,2021-02-11,61.14
2611,2021-02-12,62.43
2612,2021-02-15,63.3
2613,2021-02-16,63.35
2614,2021-02-17,64.34
2615,2021-02-18,63.93
2616,2021-02-19,62.91
2617,2021-02-22,65.24
2618,2021-02-23,65.37
2619,2021-02-24,67.04
2620,2021-02-25,66.88
2621,2021-02-26,66.13
2622,2021-03-01,63.69
2623,2021-03-02,62.7
2624,2021-03-03,64.07
2625,2021-03-04,66.74
2626,2021-03-05,69.36
2627,2021-03-08,68.24
2628,2021-03-09,67.52
2629,2021-03-10,67.9
2630,2021-03-11,69.63
2631,2021-03-12,69.22
2632,2021-03-15,68.88
2633,2021-03-16,68.39
2634,2021-03-17,68.0
2635,2021-03-18,63.28
2636,2021-03-19,64.53
2637,2021-03-22,64.62
2638,2021-03-23,60.79
2639,2021-03-24,64.41
2640,2021-03-25,61.95
2641,2021-03-26,64.57
2642,2021-03-29,64.98
2643,2021-03-30,64.14
2644,2021-03-31,63.54
2645,2021-04-01,64.86
2646,2021-04-05,62.15
2647,2021-04-06,62.74
2648,2021-04-07,63.16
2649,2021-04-08,63.2
2650,2021-04-09,62.95
2651,2021-04-12,63.28
2652,2021-04-13,63.67
2653,2021-04-14,66.58
2654,2021-04-15,66.94
2655,2021-04-16,66.77
2656,2021-04-19,67.05
2657,2021-04-20,66.57
2658,2021-04-21,65.32
2659,2021-04-22,65.4
2660,2021-04-23,66.11
2661,2021-04-26,65.65
2662,2021-04-27,66.42
2663,2021-04-28,67.27
2664,2021-04-29,68.56
2665,2021-04-30,67.25
2666,2021-05-03,67.56
2667,2021-05-04,68.88
2668,2021-05-05,68.96
2669,2021-05-06,68.09
2670,2021-05-07,68.28
2671,2021-05-10,68.32
2672,2021-05-11,68.55
2673,2021-05-12,69.32
2674,2021-05-13,67.05
2675,2021-05-14,68.71
2676,2021-05-17,69.46
2677,2021-05-18,68.71
2678,2021-05-19,66.66
2679,2021-05-20,65.11
2680,2021-05-21,66.44
2681,2021-05-24,68.46
2682,2021-05-25,68.65
2683,2021-05-26,68.87
2684,2021-05-27,69.46
2685,2021-05-28,69.63
2686,2021-05-31,69.32
2687,2021-06-01,70.25
2688,2021-06-02,71.35
2689,2021-06-03,71.31
2690,2021-06-04,71.89
2691,2021-06-07,71.49
2692,2021-06-08,72.22
2693,2021-06-09,72.22
2694,2021-06-10,72.52
2695,2021-06-11,72.69
2696,2021-06-14,72.86
2697,2021-06-15,73.99
2698,2021-06-16,74.39
2699,2021-06-17,73.08
2700,2021-06-18,73.51
2701,2021-06-21,74.9
2702,2021-06-22,74.81
2703,2021-06-23,75.19
2704,2021-06-24,75.56
2705,2021-06-25,76.18
2706,2021-06-28,74.68
2707,2021-06-29,74.76
2708,2021-06-30,75.13
2709,2021-07-01,75.84
2710,2021-07-02,76.17
2711,2021-07-05,77.16
2712,2021-07-06,74.53
2713,2021-07-07,73.43
2714,2021-07-08,74.12
2715,2021-07-09,75.55
2716,2021-07-12,75.16
2717,2021-07-13,76.49
2718,2021-07-14,74.76
2719,2021-07-15,73.47
2720,2021-07-16,73.59
2721,2021-07-19,68.62
2722,2021-07-20,69.35
2723,2021-07-21,72.23
2724,2021-07-22,73.79
2725,2021-07-23,74.1
2726,2021-07-26,74.5
2727,2021-07-27,74.48
2728,2021-07-28,74.74
2729,2021-07-29,76.05
2730,2021-07-30,76.33
2731,2021-08-02,72.89
2732,2021-08-03,72.41
2733,2021-08-04,70.38
2734,2021-08-05,71.29
2735,2021-08-06,70.7
2736,2021-08-09,69.04
2737,2021-08-10,70.63
2738,2021-08-11,71.44
2739,2021-08-12,71.31
2740,2021-08-13,70.59
2741,2021-08-16,69.51
2742,2021-08-17,69.03
2743,2021-08-18,68.23
2744,2021-08-19,66.45
2745,2021-08-20,65.18
2746,2021-08-23,68.75
2747,2021-08-24,71.05
2748,2021-08-25,72.25
2749,2021-08-26,71.07
2750,2021-08-27,72.7
2751,2021-08-30,73.41
2752,2021-08-31,72.99
2753,2021-09-01,71.59
2754,2021-09-02,73.03
2755,2021-09-03,72.61
2756,2021-09-06,72.22
2757,2021-09-07,71.69
2758,2021-09-08,72.6
2759,2021-09-09,71.45
2760,2021-09-10,72.92
2761,2021-09-13,73.51
2762,2021-09-14,73.6
2763,2021-09-15,75.46
2764,2021-09-16,75.67
2765,2021-09-17,75.34
2766,2021-09-20,73.92
2767,2021-09-21,74.36
2768,2021-09-22,76.19
2769,2021-09-23,77.25
2770,2021-09-24,78.09
2771,2021-09-27,79.53
2772,2021-09-28,79.09
2773,2021-09-29,78.64
2774,2021-09-30,78.52
2775,2021-10-01,79.28
2776,2021-10-04,81.26
2777,2021-10-05,82.56
2778,2021-10-06,81.08
2779,2021-10-07,81.95
2780,2021-10-08,82.39
2781,2021-10-11,83.65
2782,2021-10-12,83.42
2783,2021-10-13,83.18
2784,2021-10-14,84.0
2785,2021-10-15,84.86
2786,2021-10-18,84.33
2787,2021-10-19,85.08
2788,2021-10-20,85.82
2789,2021-10-21,84.61
2790,2021-10-22,85.53
2791,2021-10-25,85.99
2792,2021-10-26,86.4
2793,2021-10-27,84.58
2794,2021-10-28,84.32
2795,2021-10-29,84.38
2796,2021-11-01,84.71
2797,2021-11-02,84.72
2798,2021-11-03,81.99
2799,2021-11-04,80.54
2800,2021-11-05,82.74
2801,2021-11-08,83.43
2802,2021-11-09,84.78
2803,2021-11-10,82.64
2804,2021-11-11,82.87
2805,2021-11-12,82.17
2806,2021-11-15,82.05
2807,2021-11-16,82.43
2808,2021-11-17,80.28
2809,2021-11-18,81.24
2810,2021-11-19,78.89
2811,2021-11-22,79.7
2812,2021-11-23,82.31
2813,2021-11-24,82.25
2814,2021-11-25,82.22
2815,2021-11-26,72.72
2816,2021-11-29,73.44
2817,2021-11-30,70.57
2818,2021-12-01,68.87
2819,2021-12-02,69.67
2820,2021-12-03,69.88
2821,2021-12-06,73.08
2822,2021-12-07,75.44
2823,2021-12-08,75.82
2824,2021-12-09,74.42
2825,2021-12-10,75.15
2826,2021-12-13,74.39
2827,2021-12-14,73.7
2828,2021-12-15,73.88
2829,2021-12-16,75.02
2830,2021-12-17,73.52
2831,2021-12-20,71.52
2832,2021-12-21,73.98
2833,2021-12-22,75.29
2834,2021-12-23,76.85
2835,2021-12-24,76.14
2836,2021-12-27,78.6
2837,2021-12-28,78.94
2838,2021-12-29,79.23
2839,2021-12-30,79.32
2840,2021-12-31,77.78
2841,2022-01-03,78.98
2842,2022-01-04,80.0
2843,2022-01-05,80.8
2844,2022-01-06,81.99
2845,2022-01-07,81.75
2846,2022-01-10,80.87
2847,2022-01-11,83.72
2848,2022-01-12,84.67
2849,2022-01-13,84.47
2850,2022-01-14,86.06
2851,2022-01-17,86.48
2852,2022-01-18,87.51
2853,2022-01-19,88.44
2854,2022-01-20,88.38
2855,2022-01-21,87.89
2856,2022-01-24,86.27
2857,2022-01-25,88.2
2858,2022-01-26,88.74
2859,2022-01-27,88.17
2860,2022-01-28,90.03
2861,2022-01-31,91.21
