,Date,PETR4
0,2011-01-03,27.0
1,2011-01-04,26.899999618530273
2,2011-01-05,27.219999313354492
3,2011-01-06,27.110000610351562
4,2011-01-07,26.729999542236328
5,2011-01-10,26.979999542236328
6,2011-01-11,27.149999618530273
7,2011-01-12,27.899999618530273
8,2011-01-13,27.309999465942383
9,2011-01-14,27.549999237060547
10,2011-01-17,27.450000762939453
11,2011-01-18,27.719999313354492
12,2011-01-19,27.299999237060547
13,2011-01-20,27.270000457763672
14,2011-01-21,27.049999237060547
15,2011-01-24,27.0
16,2011-01-26,26.829999923706055
17,2011-01-27,26.8700008392334
18,2011-01-28,26.670000076293945
19,2011-01-31,27.09000015258789
20,2011-02-01,27.639999389648438
21,2011-02-02,27.799999237060547
22,2011-02-03,28.030000686645508
23,2011-02-04,27.6200008392334
24,2011-02-07,27.219999313354492
25,2011-02-08,26.8799991607666
26,2011-02-09,26.8799991607666
27,2011-02-10,26.8799991607666
28,2011-02-11,26.399999618530273
29,2011-02-14,26.75
30,2011-02-15,26.969999313354492
31,2011-02-16,27.309999465942383
32,2011-02-17,27.25
33,2011-02-18,27.3700008392334
34,2011-02-21,27.399999618530273
35,2011-02-22,27.770000457763672
36,2011-02-23,28.709999084472656
37,2011-02-24,28.709999084472656
38,2011-02-25,28.600000381469727
39,2011-02-28,28.579999923706055
40,2011-03-01,28.290000915527344
41,2011-03-02,28.899999618530273
42,2011-03-03,28.959999084472656
43,2011-03-04,29.079999923706055
44,2011-03-09,29.079999923706055
45,2011-03-10,28.1200008392334
46,2011-03-11,28.170000076293945
47,2011-03-14,28.280000686645508
48,2011-03-15,28.040000915527344
49,2011-03-16,27.780000686645508
50,2011-03-17,28.079999923706055
51,2011-03-18,27.899999618530273
52,2011-03-21,28.1299991607666
53,2011-03-22,28.1299991607666
54,2011-03-23,28.1299991607666
55,2011-03-24,28.43000030517578
56,2011-03-25,28.43000030517578
57,2011-03-28,28.350000381469727
58,2011-03-29,28.350000381469727
59,2011-03-30,28.350000381469727
60,2011-03-31,28.3700008392334
61,2011-04-01,28.3700008392334
62,2011-04-04,28.610000610351562
63,2011-04-05,28.610000610351562
64,2011-04-06,28.3700008392334
65,2011-04-07,28.0
66,2011-04-08,28.010000228881836
67,2011-04-11,27.489999771118164
68,2011-04-12,26.649999618530273
69,2011-04-13,26.149999618530273
70,2011-04-14,25.979999542236328
71,2011-04-15,26.530000686645508
72,2011-04-18,26.530000686645508
73,2011-04-19,25.729999542236328
74,2011-04-20,26.290000915527344
75,2011-04-25,26.18000030517578
76,2011-04-26,26.200000762939453
77,2011-04-27,25.739999771118164
78,2011-04-28,25.450000762939453
79,2011-04-29,25.600000381469727
80,2011-05-02,25.729999542236328
81,2011-05-03,25.450000762939453
82,2011-05-04,25.31999969482422
83,2011-05-05,24.469999313354492
84,2011-05-06,24.209999084472656
85,2011-05-09,24.246999740600586
86,2011-05-10,24.600000381469727
87,2011-05-11,24.600000381469727
88,2011-05-12,24.600000381469727
89,2011-05-13,24.600000381469727
90,2011-05-16,24.600000381469727
91,2011-05-17,24.600000381469727
92,2011-05-18,24.600000381469727
93,2011-05-19,23.639999389648438
94,2011-05-20,23.989999771118164
95,2011-05-23,23.600000381469727
96,2011-05-24,23.850000381469727
97,2011-05-25,23.899999618530273
98,2011-05-26,24.200000762939453
99,2011-05-27,24.290000915527344
100,2011-05-30,24.079999923706055
101,2011-05-31,24.09000015258789
102,2011-06-01,24.0
103,2011-06-02,23.950000762939453
104,2011-06-03,23.780000686645508
105,2011-06-06,23.200000762939453
106,2011-06-07,23.0
107,2011-06-08,23.200000762939453
108,2011-06-09,23.700000762939453
109,2011-06-10,23.719999313354492
110,2011-06-13,23.329999923706055
111,2011-06-14,23.600000381469727
112,2011-06-15,23.299999237060547
113,2011-06-16,23.290000915527344
114,2011-06-17,23.239999771118164
115,2011-06-20,23.100000381469727
116,2011-06-21,23.239999771118164
117,2011-06-22,23.260000228881836
118,2011-06-24,22.8700008392334
119,2011-06-27,23.079999923706055
120,2011-06-28,23.450000762939453
121,2011-06-29,23.3799991607666
122,2011-06-30,23.719999313354492
123,2011-07-01,23.75
124,2011-07-04,23.799999237060547
125,2011-07-05,23.559999465942383
126,2011-07-06,23.510000228881836
127,2011-07-07,23.6299991607666
128,2011-07-08,23.440000534057617
129,2011-07-11,23.149999618530273
130,2011-07-12,23.1200008392334
131,2011-07-13,23.389999389648438
132,2011-07-14,22.950000762939453
133,2011-07-15,22.989999771118164
134,2011-07-18,22.760000228881836
135,2011-07-19,22.649999618530273
136,2011-07-20,22.3799991607666
137,2011-07-21,23.0
138,2011-07-22,22.969999313354492
139,2011-07-25,24.100000381469727
140,2011-07-26,23.65999984741211
141,2011-07-27,23.59000015258789
142,2011-07-28,23.5
143,2011-07-29,23.5
144,2011-08-01,23.5
145,2011-08-02,23.5
146,2011-08-03,23.5
147,2011-08-04,23.5
148,2011-08-05,23.5
149,2011-08-08,23.5
150,2011-08-09,23.5
151,2011-08-10,23.5
152,2011-08-11,23.5
153,2011-08-12,23.5
154,2011-08-15,23.5
155,2011-08-16,23.5
156,2011-08-17,20.8700008392334
157,2011-08-18,20.299999237060547
158,2011-08-19,19.700000762939453
159,2011-08-22,19.649999618530273
160,2011-08-23,20.15999984741211
161,2011-08-24,20.229999542236328
162,2011-08-25,19.860000610351562
163,2011-08-26,19.899999618530273
164,2011-08-29,20.489999771118164
165,2011-08-30,20.549999237060547
166,2011-08-31,20.799999237060547
167,2011-09-01,21.040000915527344
168,2011-09-02,20.3700008392334
169,2011-09-05,20.030000686645508
170,2011-09-06,20.469999313354492
171,2011-09-08,20.65999984741211
172,2011-09-09,20.149999618530273
173,2011-09-12,20.34000015258789
174,2011-09-13,20.31999969482422
175,2011-09-14,20.520000457763672
176,2011-09-15,20.549999237060547
177,2011-09-16,20.649999618530273
178,2011-09-19,20.799999237060547
179,2011-09-20,20.600000381469727
180,2011-09-21,20.600000381469727
181,2011-09-22,19.5
182,2011-09-23,19.15999984741211
183,2011-09-26,19.780000686645508
184,2011-09-27,19.549999237060547
185,2011-09-28,19.350000381469727
186,2011-09-29,19.399999618530273
187,2011-09-30,19.100000381469727
188,2011-10-03,18.40999984741211
189,2011-10-04,18.549999237060547
190,2011-10-05,18.209999084472656
191,2011-10-06,18.850000381469727
192,2011-10-07,18.299999237060547
193,2011-10-10,18.90999984741211
194,2011-10-11,19.15999984741211
195,2011-10-13,19.389999389648438
196,2011-10-14,19.639999389648438
197,2011-10-17,19.299999237060547
198,2011-10-18,19.299999237060547
199,2011-10-19,19.229999542236328
200,2011-10-20,18.81999969482422
201,2011-10-21,19.270000457763672
202,2011-10-24,19.270000457763672
203,2011-10-25,19.270000457763672
204,2011-10-26,19.270000457763672
205,2011-10-27,19.270000457763672
206,2011-10-28,20.940000534057617
207,2011-10-31,21.579999923706055
208,2011-11-01,21.1299991607666
209,2011-11-03,21.920000076293945
210,2011-11-04,22.100000381469727
211,2011-11-07,22.68000030517578
212,2011-11-08,22.40999984741211
213,2011-11-09,21.459999084472656
214,2011-11-10,21.459999084472656
215,2011-11-11,21.959999084472656
216,2011-11-14,21.920000076293945
217,2011-11-16,22.110000610351562
218,2011-11-17,21.520000457763672
219,2011-11-18,21.75
220,2011-11-21,21.799999237060547
221,2011-11-22,21.68000030517578
222,2011-11-23,21.56999969482422
223,2011-11-24,21.670000076293945
224,2011-11-25,21.010000228881836
225,2011-11-28,21.5
226,2011-11-29,21.40999984741211
227,2011-11-30,22.049999237060547
228,2011-12-01,22.520000457763672
229,2011-12-02,22.530000686645508
230,2011-12-05,22.969999313354492
231,2011-12-06,23.31999969482422
232,2011-12-07,23.290000915527344
233,2011-12-08,22.520000457763672
234,2011-12-09,23.020000457763672
235,2011-12-12,23.020000457763672
236,2011-12-13,22.420000076293945
237,2011-12-14,21.81999969482422
238,2011-12-15,21.510000228881836
239,2011-12-16,21.299999237060547
240,2011-12-19,21.1200008392334
241,2011-12-20,22.100000381469727
242,2011-12-21,21.920000076293945
243,2011-12-22,22.149999618530273
244,2011-12-23,22.219999313354492
245,2011-12-26,22.170000076293945
246,2011-12-27,22.200000762939453
247,2011-12-28,21.43000030517578
248,2011-12-29,21.489999771118164
249,2012-01-02,21.729999542236328
250,2012-01-03,22.40999984741211
251,2012-01-04,22.56999969482422
252,2012-01-05,22.309999465942383
253,2012-01-06,22.329999923706055
254,2012-01-09,22.6299991607666
255,2012-01-10,22.899999618530273
256,2012-01-11,22.90999984741211
257,2012-01-12,23.079999923706055
258,2012-01-13,23.049999237060547
259,2012-01-16,23.649999618530273
260,2012-01-17,23.649999618530273
261,2012-01-18,24.3700008392334
262,2012-01-19,24.209999084472656
263,2012-01-20,24.219999313354492
264,2012-01-23,25.1299991607666
265,2012-01-24,25.399999618530273
266,2012-01-26,24.920000076293945
267,2012-01-27,24.670000076293945
268,2012-01-30,24.56999969482422
269,2012-01-31,24.56999969482422
270,2012-02-01,24.950000762939453
271,2012-02-02,24.530000686645508
272,2012-02-03,24.610000610351562
273,2012-02-06,24.860000610351562
274,2012-02-07,25.600000381469727
275,2012-02-08,25.43000030517578
276,2012-02-09,25.5
277,2012-02-10,23.5
278,2012-02-13,23.5
279,2012-02-14,23.209999084472656
280,2012-02-15,23.100000381469727
281,2012-02-16,23.8799991607666
282,2012-02-17,24.049999237060547
283,2012-02-23,23.920000076293945
284,2012-02-24,24.479999542236328
285,2012-02-27,24.350000381469727
286,2012-02-28,24.329999923706055
287,2012-02-29,24.309999465942383
288,2012-03-01,24.8799991607666
289,2012-03-02,25.299999237060547
290,2012-03-05,24.59000015258789
291,2012-03-06,23.75
292,2012-03-07,23.979999542236328
293,2012-03-08,24.09000015258789
294,2012-03-09,23.709999084472656
295,2012-03-12,23.43000030517578
296,2012-03-13,24.43000030517578
297,2012-03-14,24.829999923706055
298,2012-03-15,24.219999313354492
299,2012-03-16,24.350000381469727
300,2012-03-19,24.350000381469727
301,2012-03-20,24.270000457763672
302,2012-03-21,24.110000610351562
303,2012-03-22,24.110000610351562
304,2012-03-23,23.700000762939453
305,2012-03-26,24.209999084472656
306,2012-03-27,23.799999237060547
307,2012-03-28,23.389999389648438
308,2012-03-29,23.31999969482422
309,2012-03-30,23.350000381469727
310,2012-04-02,23.229999542236328
311,2012-04-03,22.549999237060547
312,2012-04-04,21.760000228881836
313,2012-04-05,22.0
314,2012-04-09,21.59000015258789
315,2012-04-10,21.190000534057617
316,2012-04-11,21.350000381469727
317,2012-04-12,22.010000228881836
318,2012-04-13,21.670000076293945
319,2012-04-16,21.510000228881836
320,2012-04-17,21.579999923706055
321,2012-04-18,21.760000228881836
322,2012-04-19,21.450000762939453
323,2012-04-20,21.459999084472656
324,2012-04-23,21.280000686645508
325,2012-04-24,21.239999771118164
326,2012-04-25,21.1299991607666
327,2012-04-26,21.239999771118164
328,2012-04-27,20.93000030517578
329,2012-04-30,21.290000915527344
330,2012-05-02,21.290000915527344
331,2012-05-03,21.399999618530273
332,2012-05-04,20.479999542236328
333,2012-05-07,20.579999923706055
334,2012-05-08,20.260000228881836
335,2012-05-09,20.15999984741211
336,2012-05-10,19.920000076293945
337,2012-05-11,19.530000686645508
338,2012-05-14,18.899999618530273
339,2012-05-15,18.489999771118164
340,2012-05-16,19.290000915527344
341,2012-05-17,18.43000030517578
342,2012-05-18,19.06999969482422
343,2012-05-21,19.06999969482422
344,2012-05-22,19.709999084472656
345,2012-05-23,19.229999542236328
346,2012-05-24,18.700000762939453
347,2012-05-25,18.639999389648438
348,2012-05-28,18.790000915527344
349,2012-05-29,18.850000381469727
350,2012-05-30,18.350000381469727
351,2012-05-31,19.1299991607666
352,2012-06-01,18.799999237060547
353,2012-06-04,19.110000610351562
354,2012-06-05,18.799999237060547
355,2012-06-06,19.09000015258789
356,2012-06-08,18.8799991607666
357,2012-06-11,18.389999389648438
358,2012-06-12,18.600000381469727
359,2012-06-13,18.899999618530273
360,2012-06-14,18.170000076293945
361,2012-06-15,18.549999237060547
362,2012-06-18,18.549999237060547
363,2012-06-19,19.649999618530273
364,2012-06-20,19.899999618530273
365,2012-06-21,19.270000457763672
366,2012-06-22,19.549999237060547
367,2012-06-25,17.799999237060547
368,2012-06-26,18.0
369,2012-06-27,17.639999389648438
370,2012-06-28,17.700000762939453
371,2012-06-29,18.25
372,2012-07-02,18.360000610351562
373,2012-07-03,18.989999771118164
374,2012-07-04,18.950000762939453
375,2012-07-05,19.600000381469727
376,2012-07-06,19.200000762939453
377,2012-07-10,18.389999389648438
378,2012-07-11,18.540000915527344
379,2012-07-12,18.579999923706055
380,2012-07-13,19.549999237060547
381,2012-07-16,19.549999237060547
382,2012-07-17,19.25
383,2012-07-18,19.329999923706055
384,2012-07-19,19.6200008392334
385,2012-07-20,19.18000030517578
386,2012-07-23,18.959999084472656
387,2012-07-24,18.790000915527344
388,2012-07-25,19.0
389,2012-07-26,19.260000228881836
390,2012-07-27,20.170000076293945
391,2012-07-30,20.309999465942383
392,2012-07-31,19.5
393,2012-08-01,19.81999969482422
394,2012-08-02,19.600000381469727
395,2012-08-03,19.940000534057617
396,2012-08-06,19.920000076293945
397,2012-08-07,20.25
398,2012-08-08,21.18000030517578
399,2012-08-09,21.0
400,2012-08-10,21.0
401,2012-08-13,21.030000686645508
402,2012-08-14,20.84000015258789
403,2012-08-15,21.049999237060547
404,2012-08-16,21.459999084472656
405,2012-08-17,21.549999237060547
406,2012-08-20,21.549999237060547
407,2012-08-21,21.239999771118164
408,2012-08-22,21.489999771118164
409,2012-08-23,21.209999084472656
410,2012-08-24,21.229999542236328
411,2012-08-27,21.3700008392334
412,2012-08-28,21.420000076293945
413,2012-08-29,21.209999084472656
414,2012-08-30,21.040000915527344
415,2012-08-31,20.760000228881836
416,2012-09-03,20.639999389648438
417,2012-09-04,20.43000030517578
418,2012-09-05,20.59000015258789
419,2012-09-06,21.0
420,2012-09-10,21.229999542236328
421,2012-09-11,21.709999084472656
422,2012-09-12,21.989999771118164
423,2012-09-13,22.899999618530273
424,2012-09-14,23.299999237060547
425,2012-09-17,23.270000457763672
426,2012-09-18,23.200000762939453
427,2012-09-19,22.670000076293945
428,2012-09-20,23.010000228881836
429,2012-09-21,22.700000762939453
430,2012-09-24,22.959999084472656
431,2012-09-25,22.670000076293945
432,2012-09-26,22.770000457763672
433,2012-09-27,22.709999084472656
434,2012-09-28,22.3700008392334
435,2012-10-01,22.510000228881836
436,2012-10-02,22.700000762939453
437,2012-10-03,22.34000015258789
438,2012-10-04,22.399999618530273
439,2012-10-05,22.25
440,2012-10-08,22.3700008392334
441,2012-10-09,22.219999313354492
442,2012-10-10,22.1200008392334
443,2012-10-11,22.5
444,2012-10-15,22.799999237060547
445,2012-10-16,22.799999237060547
446,2012-10-17,22.649999618530273
447,2012-10-18,22.5
448,2012-10-19,22.25
449,2012-10-22,22.25
450,2012-10-23,21.670000076293945
451,2012-10-24,21.540000915527344
452,2012-10-25,21.75
453,2012-10-26,22.25
454,2012-10-29,21.350000381469727
455,2012-10-30,21.530000686645508
456,2012-10-31,20.799999237060547
457,2012-11-01,20.850000381469727
458,2012-11-05,21.239999771118164
459,2012-11-06,21.68000030517578
460,2012-11-07,21.18000030517578
461,2012-11-08,20.610000610351562
462,2012-11-09,20.780000686645508
463,2012-11-12,20.440000534057617
464,2012-11-13,20.469999313354492
465,2012-11-14,19.799999237060547
466,2012-11-16,19.030000686645508
467,2012-11-19,19.1299991607666
468,2012-11-21,18.6200008392334
469,2012-11-22,18.649999618530273
470,2012-11-23,19.170000076293945
471,2012-11-26,18.81999969482422
472,2012-11-27,18.510000228881836
473,2012-11-28,18.649999618530273
474,2012-11-29,19.149999618530273
475,2012-11-30,18.65999984741211
476,2012-12-03,19.0
477,2012-12-04,18.81999969482422
478,2012-12-05,18.940000534057617
479,2012-12-06,18.700000762939453
480,2012-12-07,19.079999923706055
481,2012-12-10,19.56999969482422
482,2012-12-11,19.989999771118164
483,2012-12-12,19.850000381469727
484,2012-12-13,19.56999969482422
485,2012-12-14,20.209999084472656
486,2012-12-17,19.920000076293945
487,2012-12-18,20.170000076293945
488,2012-12-19,20.93000030517578
489,2012-12-20,21.049999237060547
490,2012-12-21,20.690000534057617
491,2012-12-26,20.059999465942383
492,2012-12-27,19.40999984741211
493,2012-12-28,19.520000457763672
494,2013-01-02,19.690000534057617
495,2013-01-03,20.399999618530273
496,2013-01-04,20.43000030517578
497,2013-01-07,20.079999923706055
498,2013-01-08,19.5
499,2013-01-09,19.68000030517578
500,2013-01-10,19.829999923706055
501,2013-01-11,19.8799991607666
502,2013-01-14,19.719999313354492
503,2013-01-15,19.81999969482422
504,2013-01-16,19.84000015258789
505,2013-01-17,19.709999084472656
506,2013-01-18,19.579999923706055
507,2013-01-21,19.389999389648438
508,2013-01-22,19.579999923706055
509,2013-01-23,19.549999237060547
510,2013-01-24,19.610000610351562
511,2013-01-28,19.3700008392334
512,2013-01-29,19.110000610351562
513,2013-01-30,18.200000762939453
514,2013-01-31,18.079999923706055
515,2013-02-01,18.459999084472656
516,2013-02-04,18.0
517,2013-02-05,18.079999923706055
518,2013-02-06,17.600000381469727
519,2013-02-07,17.5
520,2013-02-08,17.739999771118164
521,2013-02-13,17.799999237060547
522,2013-02-14,17.670000076293945
523,2013-02-15,17.6299991607666
524,2013-02-18,17.899999618530273
525,2013-02-19,18.100000381469727
526,2013-02-20,17.6200008392334
527,2013-02-21,17.31999969482422
528,2013-02-22,17.149999618530273
529,2013-02-25,16.950000762939453
530,2013-02-26,16.739999771118164
531,2013-02-27,16.809999465942383
532,2013-02-28,16.610000610351562
533,2013-03-01,16.899999618530273
534,2013-03-04,16.5
535,2013-03-05,16.559999465942383
536,2013-03-06,18.049999237060547
537,2013-03-07,18.950000762939453
538,2013-03-08,18.3700008392334
539,2013-03-11,18.93000030517578
540,2013-03-12,18.739999771118164
541,2013-03-13,18.75
542,2013-03-14,19.290000915527344
543,2013-03-15,19.09000015258789
544,2013-03-18,19.200000762939453
545,2013-03-19,19.100000381469727
546,2013-03-20,18.850000381469727
547,2013-03-21,18.530000686645508
548,2013-03-22,18.6299991607666
549,2013-03-25,18.59000015258789
550,2013-03-26,18.59000015258789
551,2013-03-27,18.420000076293945
552,2013-03-28,18.420000076293945
553,2013-04-01,18.030000686645508
554,2013-04-02,17.700000762939453
555,2013-04-03,18.0
556,2013-04-04,17.709999084472656
557,2013-04-05,17.799999237060547
558,2013-04-08,17.3700008392334
559,2013-04-09,18.149999618530273
560,2013-04-10,18.420000076293945
561,2013-04-11,17.989999771118164
562,2013-04-12,17.959999084472656
563,2013-04-15,17.229999542236328
564,2013-04-16,17.700000762939453
565,2013-04-17,17.170000076293945
566,2013-04-18,17.81999969482422
567,2013-04-19,18.389999389648438
568,2013-04-22,18.790000915527344
569,2013-04-23,19.1200008392334
570,2013-04-24,19.440000534057617
571,2013-04-25,19.170000076293945
572,2013-04-26,19.170000076293945
573,2013-04-29,20.420000076293945
574,2013-04-30,20.09000015258789
575,2013-05-02,20.25
576,2013-05-03,19.969999313354492
577,2013-05-06,20.329999923706055
578,2013-05-07,20.6200008392334
579,2013-05-08,20.290000915527344
580,2013-05-09,20.299999237060547
581,2013-05-10,19.959999084472656
582,2013-05-13,19.489999771118164
583,2013-05-14,19.549999237060547
584,2013-05-15,19.56999969482422
585,2013-05-16,19.75
586,2013-05-17,19.889999389648438
587,2013-05-20,20.200000762939453
588,2013-05-21,20.25
589,2013-05-22,19.920000076293945
590,2013-05-23,19.860000610351562
591,2013-05-24,20.09000015258789
592,2013-05-27,19.93000030517578
593,2013-05-28,20.040000915527344
594,2013-05-29,19.850000381469727
595,2013-05-31,20.059999465942383
596,2013-06-03,20.290000915527344
597,2013-06-04,20.06999969482422
598,2013-06-05,19.420000076293945
599,2013-06-06,19.459999084472656
600,2013-06-07,18.84000015258789
601,2013-06-10,18.8799991607666
602,2013-06-11,18.530000686645508
603,2013-06-12,18.1200008392334
604,2013-06-13,18.799999237060547
605,2013-06-14,18.350000381469727
606,2013-06-17,18.09000015258789
607,2013-06-18,17.829999923706055
608,2013-06-19,17.200000762939453
609,2013-06-20,16.889999389648438
610,2013-06-21,16.40999984741211
611,2013-06-24,15.90999984741211
612,2013-06-25,16.100000381469727
613,2013-06-26,16.149999618530273
614,2013-06-27,16.3799991607666
615,2013-06-28,16.170000076293945
616,2013-07-01,16.1200008392334
617,2013-07-02,15.390000343322754
618,2013-07-03,15.899999618530273
619,2013-07-04,15.960000038146973
620,2013-07-05,15.149999618530273
621,2013-07-08,15.0
622,2013-07-10,15.25
623,2013-07-11,15.760000228881836
624,2013-07-12,15.430000305175781
625,2013-07-15,15.5
626,2013-07-16,15.75
627,2013-07-17,16.059999465942383
628,2013-07-18,16.100000381469727
629,2013-07-19,15.979999542236328
630,2013-07-22,16.299999237060547
631,2013-07-23,16.40999984741211
632,2013-07-24,16.389999389648438
633,2013-07-25,16.84000015258789
634,2013-07-26,16.84000015258789
635,2013-07-29,16.68000030517578
636,2013-07-30,16.459999084472656
637,2013-07-31,16.290000915527344
638,2013-08-01,16.940000534057617
639,2013-08-02,16.809999465942383
640,2013-08-05,16.649999618530273
641,2013-08-06,16.280000686645508
642,2013-08-07,16.25
643,2013-08-08,16.649999618530273
644,2013-08-09,17.079999923706055
645,2013-08-12,16.600000381469727
646,2013-08-13,16.3700008392334
647,2013-08-14,16.950000762939453
648,2013-08-15,17.829999923706055
649,2013-08-16,17.780000686645508
650,2013-08-19,17.829999923706055
651,2013-08-20,17.1299991607666
652,2013-08-21,17.34000015258789
653,2013-08-22,18.260000228881836
654,2013-08-23,18.549999237060547
655,2013-08-26,18.190000534057617
656,2013-08-27,17.450000762939453
657,2013-08-28,17.15999984741211
658,2013-08-29,16.899999618530273
659,2013-08-30,16.989999771118164
660,2013-09-02,16.899999618530273
661,2013-09-03,16.780000686645508
662,2013-09-04,16.850000381469727
663,2013-09-05,17.540000915527344
664,2013-09-06,17.760000228881836
665,2013-09-09,18.170000076293945
666,2013-09-10,18.34000015258789
667,2013-09-11,18.25
668,2013-09-12,17.850000381469727
669,2013-09-13,18.1299991607666
670,2013-09-16,18.450000762939453
671,2013-09-17,18.530000686645508
672,2013-09-18,18.899999618530273
673,2013-09-19,19.15999984741211
674,2013-09-20,18.940000534057617
675,2013-09-23,19.149999618530273
676,2013-09-24,18.770000457763672
677,2013-09-25,18.799999237060547
678,2013-09-26,18.59000015258789
679,2013-09-27,18.479999542236328
680,2013-09-30,18.360000610351562
681,2013-10-01,18.65999984741211
682,2013-10-02,18.780000686645508
683,2013-10-03,18.540000915527344
684,2013-10-04,18.670000076293945
685,2013-10-07,18.6200008392334
686,2013-10-08,18.309999465942383
687,2013-10-09,18.06999969482422
688,2013-10-10,18.149999618530273
689,2013-10-11,18.100000381469727
690,2013-10-14,18.270000457763672
691,2013-10-15,18.420000076293945
692,2013-10-16,18.350000381469727
693,2013-10-17,18.209999084472656
694,2013-10-18,17.940000534057617
695,2013-10-21,18.8799991607666
696,2013-10-22,18.549999237060547
697,2013-10-23,18.329999923706055
698,2013-10-24,18.239999771118164
699,2013-10-25,18.489999771118164
700,2013-10-28,19.889999389648438
701,2013-10-29,19.700000762939453
702,2013-10-30,19.950000762939453
703,2013-10-31,20.290000915527344
704,2013-11-01,19.860000610351562
705,2013-11-04,20.219999313354492
706,2013-11-05,20.25
707,2013-11-06,20.40999984741211
708,2013-11-07,20.0
709,2013-11-08,19.639999389648438
710,2013-11-11,20.09000015258789
711,2013-11-12,19.549999237060547
712,2013-11-13,19.940000534057617
713,2013-11-14,20.450000762939453
714,2013-11-18,21.440000534057617
715,2013-11-19,21.110000610351562
716,2013-11-21,20.899999618530273
717,2013-11-22,20.670000076293945
718,2013-11-25,20.360000610351562
719,2013-11-26,19.079999923706055
720,2013-11-27,18.969999313354492
721,2013-11-28,18.65999984741211
722,2013-11-29,19.1200008392334
723,2013-12-02,17.360000610351562
724,2013-12-03,17.510000228881836
725,2013-12-04,17.459999084472656
726,2013-12-05,17.6299991607666
727,2013-12-06,17.229999542236328
728,2013-12-09,17.450000762939453
729,2013-12-10,17.299999237060547
730,2013-12-11,16.780000686645508
731,2013-12-12,16.860000610351562
732,2013-12-13,17.219999313354492
733,2013-12-16,17.34000015258789
734,2013-12-17,16.799999237060547
735,2013-12-18,16.84000015258789
736,2013-12-19,17.25
737,2013-12-20,16.90999984741211
738,2013-12-23,17.059999465942383
739,2013-12-26,16.920000076293945
740,2013-12-27,16.93000030517578
741,2013-12-30,17.079999923706055
742,2014-01-02,16.75
743,2014-01-03,16.5
744,2014-01-06,16.6200008392334
745,2014-01-07,16.15999984741211
746,2014-01-08,16.190000534057617
747,2014-01-09,15.699999809265137
748,2014-01-10,15.970000267028809
749,2014-01-13,15.770000457763672
750,2014-01-14,15.699999809265137
751,2014-01-15,16.040000915527344
752,2014-01-16,15.59000015258789
753,2014-01-17,15.510000228881836
754,2014-01-20,15.180000305175781
755,2014-01-21,15.34000015258789
756,2014-01-22,15.84000015258789
757,2014-01-23,15.470000267028809
758,2014-01-24,15.100000381469727
759,2014-01-27,15.109999656677246
760,2014-01-28,15.050000190734863
761,2014-01-29,14.800000190734863
762,2014-01-30,14.699999809265137
763,2014-01-31,14.699999809265137
764,2014-02-03,13.850000381469727
765,2014-02-04,14.09000015258789
766,2014-02-05,13.829999923706055
767,2014-02-06,14.210000038146973
768,2014-02-07,14.449999809265137
769,2014-02-10,14.609999656677246
770,2014-02-11,14.960000038146973
771,2014-02-12,14.960000038146973
772,2014-02-13,14.609999656677246
773,2014-02-14,14.579999923706055
774,2014-02-17,14.430000305175781
775,2014-02-18,14.109999656677246
776,2014-02-19,14.199999809265137
777,2014-02-20,14.15999984741211
778,2014-02-21,14.149999618530273
779,2014-02-24,14.5
780,2014-02-25,14.180000305175781
781,2014-02-26,13.699999809265137
782,2014-02-27,14.039999961853027
783,2014-02-28,13.59000015258789
784,2014-03-05,13.289999961853027
785,2014-03-06,13.430000305175781
786,2014-03-07,13.319999694824219
787,2014-03-10,13.010000228881836
788,2014-03-11,13.109999656677246
789,2014-03-12,13.319999694824219
790,2014-03-13,13.029999732971191
791,2014-03-14,12.779999732971191
792,2014-03-17,12.569999694824219
793,2014-03-18,12.970000267028809
794,2014-03-19,13.34000015258789
795,2014-03-20,13.989999771118164
796,2014-03-21,14.020000457763672
797,2014-03-24,14.420000076293945
798,2014-03-25,14.479999542236328
799,2014-03-26,14.399999618530273
800,2014-03-27,15.569999694824219
801,2014-03-28,15.65999984741211
802,2014-03-31,15.779999732971191
803,2014-04-01,15.8100004196167
804,2014-04-02,15.5600004196167
805,2014-04-03,15.399999618530273
806,2014-04-04,15.4399995803833
807,2014-04-07,16.459999084472656
808,2014-04-08,15.989999771118164
809,2014-04-09,15.850000381469727
810,2014-04-10,15.680000305175781
811,2014-04-11,16.190000534057617
812,2014-04-14,15.930000305175781
813,2014-04-15,15.319999694824219
814,2014-04-16,15.779999732971191
815,2014-04-17,16.3799991607666
816,2014-04-22,15.960000038146973
817,2014-04-23,16.040000915527344
818,2014-04-24,16.1299991607666
819,2014-04-25,16.030000686645508
820,2014-04-28,16.559999465942383
821,2014-04-29,16.690000534057617
822,2014-04-30,16.559999465942383
823,2014-05-02,17.700000762939453
824,2014-05-05,17.56999969482422
825,2014-05-06,18.239999771118164
826,2014-05-07,18.579999923706055
827,2014-05-08,17.8799991607666
828,2014-05-09,17.670000076293945
829,2014-05-12,18.030000686645508
830,2014-05-13,17.959999084472656
831,2014-05-14,18.290000915527344
832,2014-05-15,18.030000686645508
833,2014-05-16,18.010000228881836
834,2014-05-19,17.940000534057617
835,2014-05-20,17.299999237060547
836,2014-05-21,17.459999084472656
837,2014-05-22,17.68000030517578
838,2014-05-23,17.700000762939453
839,2014-05-26,17.860000610351562
840,2014-05-27,17.489999771118164
841,2014-05-28,17.700000762939453
842,2014-05-29,17.299999237060547
843,2014-05-30,16.690000534057617
844,2014-06-02,16.549999237060547
845,2014-06-03,16.899999618530273
846,2014-06-04,16.600000381469727
847,2014-06-05,16.31999969482422
848,2014-06-06,17.68000030517578
849,2014-06-09,18.06999969482422
850,2014-06-10,18.670000076293945
851,2014-06-11,18.8799991607666
852,2014-06-13,18.989999771118164
853,2014-06-16,18.739999771118164
854,2014-06-17,18.31999969482422
855,2014-06-18,19.0
856,2014-06-20,18.700000762939453
857,2014-06-23,18.299999237060547
858,2014-06-24,17.639999389648438
859,2014-06-25,17.290000915527344
860,2014-06-26,17.31999969482422
861,2014-06-27,17.200000762939453
862,2014-06-30,17.290000915527344
863,2014-07-01,17.190000534057617
864,2014-07-02,17.1200008392334
865,2014-07-03,17.520000457763672
866,2014-07-04,17.5
867,2014-07-07,17.31999969482422
868,2014-07-08,17.329999923706055
869,2014-07-10,18.110000610351562
870,2014-07-11,18.239999771118164
871,2014-07-14,19.100000381469727
872,2014-07-15,19.260000228881836
873,2014-07-16,19.309999465942383
874,2014-07-17,19.559999465942383
875,2014-07-18,20.520000457763672
876,2014-07-21,20.940000534057617
877,2014-07-22,21.049999237060547
878,2014-07-23,20.25
879,2014-07-24,20.309999465942383
880,2014-07-25,20.489999771118164
881,2014-07-28,20.149999618530273
882,2014-07-29,19.6200008392334
883,2014-07-30,19.850000381469727
884,2014-07-31,19.100000381469727
885,2014-08-01,19.0
886,2014-08-04,19.549999237060547
887,2014-08-05,19.700000762939453
888,2014-08-06,20.309999465942383
889,2014-08-07,20.149999618530273
890,2014-08-08,19.309999465942383
891,2014-08-11,20.139999389648438
892,2014-08-12,19.670000076293945
893,2014-08-13,18.690000534057617
894,2014-08-14,18.600000381469727
895,2014-08-15,20.059999465942383
896,2014-08-18,20.399999618530273
897,2014-08-19,20.90999984741211
898,2014-08-20,21.360000610351562
899,2014-08-21,21.299999237060547
900,2014-08-22,20.920000076293945
901,2014-08-25,22.040000915527344
902,2014-08-26,21.84000015258789
903,2014-08-27,22.84000015258789
904,2014-08-28,22.84000015258789
905,2014-08-29,23.360000610351562
906,2014-09-01,23.829999923706055
907,2014-09-02,24.559999465942383
908,2014-09-03,23.950000762939453
909,2014-09-04,22.790000915527344
910,2014-09-05,22.81999969482422
911,2014-09-08,21.700000762939453
912,2014-09-09,21.479999542236328
913,2014-09-10,20.950000762939453
914,2014-09-11,21.209999084472656
915,2014-09-12,20.139999389648438
916,2014-09-15,20.579999923706055
917,2014-09-16,21.549999237060547
918,2014-09-17,22.1200008392334
919,2014-09-18,21.290000915527344
920,2014-09-19,20.90999984741211
921,2014-09-22,20.59000015258789
922,2014-09-23,20.1299991607666
923,2014-09-24,20.229999542236328
924,2014-09-25,19.84000015258789
925,2014-09-26,20.940000534057617
926,2014-09-29,18.600000381469727
927,2014-09-30,18.09000015258789
928,2014-10-01,17.09000015258789
929,2014-10-02,17.299999237060547
930,2014-10-03,18.350000381469727
931,2014-10-06,20.389999389648438
932,2014-10-07,21.209999084472656
933,2014-10-08,20.850000381469727
934,2014-10-09,21.200000762939453
935,2014-10-10,20.049999237060547
936,2014-10-13,22.1299991607666
937,2014-10-14,21.600000381469727
938,2014-10-15,20.149999618530273
939,2014-10-16,18.649999618530273
940,2014-10-17,19.09000015258789
941,2014-10-20,17.920000076293945
942,2014-10-21,16.899999618530273
943,2014-10-22,16.610000610351562
944,2014-10-23,15.510000228881836
945,2014-10-24,16.6200008392334
946,2014-10-27,14.520000457763672
947,2014-10-28,15.029999732971191
948,2014-10-29,14.020000457763672
949,2014-10-30,14.319999694824219
950,2014-10-31,15.279999732971191
951,2014-11-03,14.850000381469727
952,2014-11-04,14.819999694824219
953,2014-11-05,14.399999618530273
954,2014-11-06,14.0600004196167
955,2014-11-07,14.270000457763672
956,2014-11-10,13.979999542236328
957,2014-11-11,14.0
958,2014-11-12,14.109999656677246
959,2014-11-13,13.600000381469727
960,2014-11-14,13.199999809265137
961,2014-11-17,12.600000381469727
962,2014-11-18,12.449999809265137
963,2014-11-19,12.779999732971191
964,2014-11-21,14.300000190734863
965,2014-11-24,14.210000038146973
966,2014-11-25,14.149999618530273
967,2014-11-26,14.170000076293945
968,2014-11-27,13.4399995803833
969,2014-11-28,12.84000015258789
970,2014-12-01,12.319999694824219
971,2014-12-02,12.170000076293945
972,2014-12-03,12.710000038146973
973,2014-12-04,12.270000457763672
974,2014-12-05,12.180000305175781
975,2014-12-08,11.510000228881836
976,2014-12-09,11.420000076293945
977,2014-12-10,10.880000114440918
978,2014-12-11,10.630000114440918
979,2014-12-12,10.1899995803833
980,2014-12-15,9.0600004196167
981,2014-12-16,9.369999885559082
982,2014-12-17,9.470000267028809
983,2014-12-18,9.569999694824219
984,2014-12-19,9.829999923706055
985,2014-12-22,10.369999885559082
986,2014-12-23,10.90999984741211
987,2014-12-26,10.319999694824219
988,2014-12-29,10.279999732971191
989,2014-12-30,10.029999732971191
990,2015-01-02,9.359999656677246
991,2015-01-05,8.5600004196167
992,2015-01-06,8.279999732971191
993,2015-01-07,8.670000076293945
994,2015-01-08,9.229999542236328
995,2015-01-09,9.510000228881836
996,2015-01-12,8.84000015258789
997,2015-01-13,9.09000015258789
998,2015-01-14,8.90999984741211
999,2015-01-15,9.3100004196167
1000,2015-01-16,9.4399995803833
1001,2015-01-19,9.170000076293945
1002,2015-01-20,9.3100004196167
1003,2015-01-21,9.899999618530273
1004,2015-01-22,10.229999542236328
1005,2015-01-23,9.979999542236328
1006,2015-01-26,9.829999923706055
1007,2015-01-27,10.140000343322754
1008,2015-01-28,9.109999656677246
1009,2015-01-29,8.670000076293945
1010,2015-01-30,8.300000190734863
1011,2015-02-02,8.789999961853027
1012,2015-02-03,9.970000267028809
1013,2015-02-04,10.020000457763672
1014,2015-02-05,9.829999923706055
1015,2015-02-06,9.119999885559082
1016,2015-02-09,9.399999618530273
1017,2015-02-10,8.90999984741211
1018,2015-02-11,9.079999923706055
1019,2015-02-12,9.449999809265137
1020,2015-02-13,10.029999732971191
1021,2015-02-18,10.039999961853027
1022,2015-02-19,9.710000038146973
1023,2015-02-20,9.640000343322754
1024,2015-02-23,9.5
1025,2015-02-24,9.899999618530273
1026,2015-02-25,9.399999618530273
1027,2015-02-26,9.229999542236328
1028,2015-02-27,9.550000190734863
1029,2015-03-02,9.420000076293945
1030,2015-03-03,9.569999694824219
1031,2015-03-04,9.270000457763672
1032,2015-03-05,9.239999771118164
1033,2015-03-06,9.25
1034,2015-03-09,8.920000076293945
1035,2015-03-10,8.520000457763672
1036,2015-03-11,8.739999771118164
1037,2015-03-12,8.470000267028809
1038,2015-03-13,8.34000015258789
1039,2015-03-16,8.390000343322754
1040,2015-03-17,8.859999656677246
1041,2015-03-18,9.199999809265137
1042,2015-03-19,8.920000076293945
1043,2015-03-20,9.220000267028809
1044,2015-03-23,9.329999923706055
1045,2015-03-24,9.420000076293945
1046,2015-03-25,9.800000190734863
1047,2015-03-26,9.329999923706055
1048,2015-03-27,9.359999656677246
1049,2015-03-30,9.710000038146973
1050,2015-03-31,9.65999984741211
1051,2015-04-01,10.260000228881836
1052,2015-04-02,10.6899995803833
1053,2015-04-06,10.710000038146973
1054,2015-04-07,10.920000076293945
1055,2015-04-08,10.569999694824219
1056,2015-04-09,11.579999923706055
1057,2015-04-10,11.8100004196167
1058,2015-04-13,12.270000457763672
1059,2015-04-14,12.460000038146973
1060,2015-04-15,13.34000015258789
1061,2015-04-16,12.979999542236328
1062,2015-04-17,12.949999809265137
1063,2015-04-20,13.069999694824219
1064,2015-04-22,13.0
1065,2015-04-23,12.869999885559082
1066,2015-04-24,13.220000267028809
1067,2015-04-27,12.520000457763672
1068,2015-04-28,12.770000457763672
1069,2015-04-29,12.819999694824219
1070,2015-04-30,13.0600004196167
1071,2015-05-04,13.789999961853027
1072,2015-05-05,14.430000305175781
1073,2015-05-06,13.789999961853027
1074,2015-05-07,13.65999984741211
1075,2015-05-08,13.510000228881836
1076,2015-05-11,13.770000457763672
1077,2015-05-12,13.729999542236328
1078,2015-05-13,13.979999542236328
1079,2015-05-14,13.899999618530273
1080,2015-05-15,14.039999961853027
1081,2015-05-18,13.699999809265137
1082,2015-05-19,12.890000343322754
1083,2015-05-20,12.84000015258789
1084,2015-05-21,13.479999542236328
1085,2015-05-22,13.069999694824219
1086,2015-05-25,12.829999923706055
1087,2015-05-26,12.390000343322754
1088,2015-05-27,12.539999961853027
1089,2015-05-28,12.649999618530273
1090,2015-05-29,12.329999923706055
1091,2015-06-01,12.359999656677246
1092,2015-06-02,12.880000114440918
1093,2015-06-03,12.789999961853027
1094,2015-06-05,12.569999694824219
1095,2015-06-08,12.569999694824219
1096,2015-06-09,13.0
1097,2015-06-10,13.079999923706055
1098,2015-06-11,13.100000381469727
1099,2015-06-12,13.020000457763672
1100,2015-06-15,13.010000228881836
1101,2015-06-16,13.380000114440918
1102,2015-06-17,13.140000343322754
1103,2015-06-18,13.449999809265137
1104,2015-06-19,13.149999618530273
1105,2015-06-22,13.170000076293945
1106,2015-06-23,12.970000267028809
1107,2015-06-24,13.220000267028809
1108,2015-06-25,12.600000381469727
1109,2015-06-26,13.210000038146973
1110,2015-06-29,12.850000381469727
1111,2015-06-30,12.6899995803833
1112,2015-07-01,12.15999984741211
1113,2015-07-02,12.350000381469727
1114,2015-07-03,11.760000228881836
1115,2015-07-06,11.510000228881836
1116,2015-07-07,11.770000457763672
1117,2015-07-08,11.460000038146973
1118,2015-07-10,11.8100004196167
1119,2015-07-13,11.789999961853027
1120,2015-07-14,11.989999771118164
1121,2015-07-15,11.779999732971191
1122,2015-07-16,11.989999771118164
1123,2015-07-17,11.40999984741211
1124,2015-07-20,10.789999961853027
1125,2015-07-21,10.729999542236328
1126,2015-07-22,10.359999656677246
1127,2015-07-23,10.119999885559082
1128,2015-07-24,10.029999732971191
1129,2015-07-27,9.5
1130,2015-07-28,10.020000457763672
1131,2015-07-29,10.699999809265137
1132,2015-07-30,10.420000076293945
1133,2015-07-31,10.489999771118164
1134,2015-08-03,10.029999732971191
1135,2015-08-04,10.15999984741211
1136,2015-08-05,10.010000228881836
1137,2015-08-06,10.34000015258789
1138,2015-08-07,9.6899995803833
1139,2015-08-10,9.989999771118164
1140,2015-08-11,9.979999542236328
1141,2015-08-12,9.819999694824219
1142,2015-08-13,9.5
1143,2015-08-14,9.300000190734863
1144,2015-08-17,9.149999618530273
1145,2015-08-18,8.989999771118164
1146,2015-08-19,8.739999771118164
1147,2015-08-20,8.6899995803833
1148,2015-08-21,8.300000190734863
1149,2015-08-24,7.889999866485596
1150,2015-08-25,7.849999904632568
1151,2015-08-26,8.130000114440918
1152,2015-08-27,8.920000076293945
1153,2015-08-28,9.020000457763672
1154,2015-08-31,9.1899995803833
1155,2015-09-01,8.59000015258789
1156,2015-09-02,8.819999694824219
1157,2015-09-03,8.760000228881836
1158,2015-09-04,8.510000228881836
1159,2015-09-08,8.640000343322754
1160,2015-09-09,8.390000343322754
1161,2015-09-10,7.96999979019165
1162,2015-09-11,7.659999847412109
1163,2015-09-14,7.71999979019165
1164,2015-09-15,7.650000095367432
1165,2015-09-16,8.140000343322754
1166,2015-09-17,7.860000133514404
1167,2015-09-18,7.599999904632568
1168,2015-09-21,7.300000190734863
1169,2015-09-22,6.96999979019165
1170,2015-09-23,6.820000171661377
1171,2015-09-24,6.960000038146973
1172,2015-09-25,6.820000171661377
1173,2015-09-28,6.440000057220459
1174,2015-09-29,6.590000152587891
1175,2015-09-30,7.239999771118164
1176,2015-10-01,7.019999980926514
1177,2015-10-02,7.769999980926514
1178,2015-10-05,7.820000171661377
1179,2015-10-06,8.1899995803833
1180,2015-10-07,8.470000267028809
1181,2015-10-08,8.75
1182,2015-10-09,8.800000190734863
1183,2015-10-13,8.130000114440918
1184,2015-10-14,7.960000038146973
1185,2015-10-15,8.0
1186,2015-10-16,7.949999809265137
1187,2015-10-19,7.949999809265137
1188,2015-10-20,8.050000190734863
1189,2015-10-21,7.75
1190,2015-10-22,8.020000457763672
1191,2015-10-23,7.989999771118164
1192,2015-10-26,7.849999904632568
1193,2015-10-27,7.599999904632568
1194,2015-10-28,7.949999809265137
1195,2015-10-29,7.610000133514404
1196,2015-10-30,7.710000038146973
1197,2015-11-03,8.479999542236328
1198,2015-11-04,8.079999923706055
1199,2015-11-05,8.109999656677246
1200,2015-11-06,7.820000171661377
1201,2015-11-09,7.909999847412109
1202,2015-11-10,7.610000133514404
1203,2015-11-11,7.71999979019165
1204,2015-11-12,7.579999923706055
1205,2015-11-13,7.269999980926514
1206,2015-11-16,7.699999809265137
1207,2015-11-17,7.760000228881836
1208,2015-11-18,7.820000171661377
1209,2015-11-19,7.840000152587891
1210,2015-11-23,8.079999923706055
1211,2015-11-24,8.5
1212,2015-11-25,7.900000095367432
1213,2015-11-26,7.920000076293945
1214,2015-11-27,7.599999904632568
1215,2015-11-30,7.670000076293945
1216,2015-12-01,7.489999771118164
1217,2015-12-02,7.519999980926514
1218,2015-12-03,7.980000019073486
1219,2015-12-04,7.519999980926514
1220,2015-12-07,7.190000057220459
1221,2015-12-08,7.130000114440918
1222,2015-12-09,7.650000095367432
1223,2015-12-10,7.449999809265137
1224,2015-12-11,7.25
1225,2015-12-14,7.210000038146973
1226,2015-12-15,7.420000076293945
1227,2015-12-16,7.289999961853027
1228,2015-12-17,7.199999809265137
1229,2015-12-18,7.019999980926514
1230,2015-12-21,6.639999866485596
1231,2015-12-22,6.789999961853027
1232,2015-12-23,6.929999828338623
1233,2015-12-28,6.699999809265137
1234,2015-12-29,6.690000057220459
1235,2015-12-30,6.699999809265137
1236,2016-01-04,6.869999885559082
1237,2016-01-05,6.679999828338623
1238,2016-01-06,6.400000095367432
1239,2016-01-07,6.260000228881836
1240,2016-01-08,6.269999980926514
1241,2016-01-11,6.090000152587891
1242,2016-01-12,5.53000020980835
1243,2016-01-13,5.269999980926514
1244,2016-01-14,5.690000057220459
1245,2016-01-15,5.170000076293945
1246,2016-01-18,4.800000190734863
1247,2016-01-19,4.659999847412109
1248,2016-01-20,4.429999828338623
1249,2016-01-21,4.5
1250,2016-01-22,4.409999847412109
1251,2016-01-26,4.199999809265137
1252,2016-01-27,4.570000171661377
1253,2016-01-28,4.599999904632568
1254,2016-01-29,4.840000152587891
1255,2016-02-01,4.71999979019165
1256,2016-02-02,4.300000190734863
1257,2016-02-03,4.489999771118164
1258,2016-02-04,4.730000019073486
1259,2016-02-05,4.539999961853027
1260,2016-02-10,4.309999942779541
1261,2016-02-11,4.230000019073486
1262,2016-02-12,4.449999809265137
1263,2016-02-15,4.570000171661377
1264,2016-02-16,4.440000057220459
1265,2016-02-17,4.679999828338623
1266,2016-02-18,4.590000152587891
1267,2016-02-19,4.460000038146973
1268,2016-02-22,5.039999961853027
1269,2016-02-23,4.920000076293945
1270,2016-02-24,4.869999885559082
1271,2016-02-25,4.889999866485596
1272,2016-02-26,4.869999885559082
1273,2016-02-29,5.139999866485596
1274,2016-03-01,5.309999942779541
1275,2016-03-02,5.650000095367432
1276,2016-03-03,6.570000171661377
1277,2016-03-04,7.21999979019165
1278,2016-03-07,7.369999885559082
1279,2016-03-08,7.46999979019165
1280,2016-03-09,7.599999904632568
1281,2016-03-10,7.949999809265137
1282,2016-03-11,8.09000015258789
1283,2016-03-14,7.400000095367432
1284,2016-03-15,6.610000133514404
1285,2016-03-16,7.230000019073486
1286,2016-03-17,8.100000381469727
1287,2016-03-18,8.119999885559082
1288,2016-03-21,8.0600004196167
1289,2016-03-22,8.109999656677246
1290,2016-03-23,7.78000020980835
1291,2016-03-24,7.809999942779541
1292,2016-03-28,8.4399995803833
1293,2016-03-29,8.489999771118164
1294,2016-03-30,8.4399995803833
1295,2016-03-31,8.3100004196167
1296,2016-04-01,8.359999656677246
1297,2016-04-04,7.539999961853027
1298,2016-04-05,7.800000190734863
1299,2016-04-06,7.579999923706055
1300,2016-04-07,7.699999809265137
1301,2016-04-08,8.260000228881836
1302,2016-04-11,8.390000343322754
1303,2016-04-12,9.039999961853027
1304,2016-04-13,9.489999771118164
1305,2016-04-14,9.15999984741211
1306,2016-04-15,9.6899995803833
1307,2016-04-18,9.239999771118164
1308,2016-04-19,9.609999656677246
1309,2016-04-20,9.479999542236328
1310,2016-04-22,9.75
1311,2016-04-25,9.329999923706055
1312,2016-04-26,9.670000076293945
1313,2016-04-27,10.25
1314,2016-04-28,10.229999542236328
1315,2016-04-29,10.229999542236328
1316,2016-05-02,10.170000076293945
1317,2016-05-03,9.779999732971191
1318,2016-05-04,9.920000076293945
1319,2016-05-05,9.8100004196167
1320,2016-05-06,10.079999923706055
1321,2016-05-09,9.479999542236328
1322,2016-05-10,10.210000038146973
1323,2016-05-11,10.25
1324,2016-05-12,9.789999961853027
1325,2016-05-13,9.460000038146973
1326,2016-05-16,9.75
1327,2016-05-17,9.5
1328,2016-05-18,9.319999694824219
1329,2016-05-19,8.960000038146973
1330,2016-05-20,8.899999618530273
1331,2016-05-23,8.5
1332,2016-05-24,8.529999732971191
1333,2016-05-25,8.670000076293945
1334,2016-05-27,8.229999542236328
1335,2016-05-30,8.380000114440918
1336,2016-05-31,8.039999961853027
1337,2016-06-01,8.180000305175781
1338,2016-06-02,8.319999694824219
1339,2016-06-03,8.569999694824219
1340,2016-06-06,8.460000038146973
1341,2016-06-07,8.619999885559082
1342,2016-06-08,9.390000343322754
1343,2016-06-09,9.180000305175781
1344,2016-06-10,8.779999732971191
1345,2016-06-13,8.619999885559082
1346,2016-06-14,8.300000190734863
1347,2016-06-15,8.510000228881836
1348,2016-06-16,8.5
1349,2016-06-17,8.949999809265137
1350,2016-06-20,9.180000305175781
1351,2016-06-21,9.529999732971191
1352,2016-06-22,9.34000015258789
1353,2016-06-23,9.670000076293945
1354,2016-06-24,9.25
1355,2016-06-27,8.779999732971191
1356,2016-06-28,9.199999809265137
1357,2016-06-29,9.5
1358,2016-06-30,9.420000076293945
1359,2016-07-01,9.819999694824219
1360,2016-07-04,9.869999885559082
1361,2016-07-05,9.289999961853027
1362,2016-07-06,9.5
1363,2016-07-07,9.5600004196167
1364,2016-07-08,9.84000015258789
1365,2016-07-11,10.359999656677246
1366,2016-07-12,10.649999618530273
1367,2016-07-13,10.630000114440918
1368,2016-07-14,10.930000305175781
1369,2016-07-15,11.020000457763672
1370,2016-07-18,11.550000190734863
1371,2016-07-19,11.779999732971191
1372,2016-07-20,11.819999694824219
1373,2016-07-21,11.850000381469727
1374,2016-07-22,11.9399995803833
1375,2016-07-25,12.029999732971191
1376,2016-07-26,11.880000114440918
1377,2016-07-27,11.510000228881836
1378,2016-07-28,11.4399995803833
1379,2016-07-29,11.869999885559082
1380,2016-08-01,11.25
1381,2016-08-02,11.359999656677246
1382,2016-08-03,11.899999618530273
1383,2016-08-04,12.010000228881836
1384,2016-08-05,11.649999618530273
1385,2016-08-08,11.90999984741211
1386,2016-08-09,11.880000114440918
1387,2016-08-10,11.5600004196167
1388,2016-08-11,12.100000381469727
1389,2016-08-12,12.0
1390,2016-08-15,12.3100004196167
1391,2016-08-16,12.489999771118164
1392,2016-08-17,12.760000228881836
1393,2016-08-18,12.880000114440918
1394,2016-08-19,12.789999961853027
1395,2016-08-22,12.350000381469727
1396,2016-08-23,12.670000076293945
1397,2016-08-24,12.399999618530273
1398,2016-08-25,12.529999732971191
1399,2016-08-26,12.550000190734863
1400,2016-08-29,12.869999885559082
1401,2016-08-30,13.09000015258789
1402,2016-08-31,12.850000381469727
1403,2016-09-01,13.0
1404,2016-09-02,13.569999694824219
1405,2016-09-05,13.829999923706055
1406,2016-09-06,13.979999542236328
1407,2016-09-08,14.220000267028809
1408,2016-09-09,13.510000228881836
1409,2016-09-12,13.949999809265137
1410,2016-09-13,13.010000228881836
1411,2016-09-14,13.109999656677246
1412,2016-09-15,13.510000228881836
1413,2016-09-16,13.15999984741211
1414,2016-09-19,13.050000190734863
1415,2016-09-20,13.5
1416,2016-09-21,13.65999984741211
1417,2016-09-22,14.0
1418,2016-09-23,13.6899995803833
1419,2016-09-26,13.399999618530273
1420,2016-09-27,13.119999885559082
1421,2016-09-28,13.850000381469727
1422,2016-09-29,13.430000305175781
1423,2016-09-30,13.569999694824219
1424,2016-10-03,13.970000267028809
1425,2016-10-04,14.020000457763672
1426,2016-10-05,14.579999923706055
1427,2016-10-06,15.100000381469727
1428,2016-10-07,15.260000228881836
1429,2016-10-10,15.729999542236328
1430,2016-10-11,15.390000343322754
1431,2016-10-13,15.760000228881836
1432,2016-10-14,16.260000228881836
1433,2016-10-17,16.899999618530273
1434,2016-10-18,17.420000076293945
1435,2016-10-19,17.6200008392334
1436,2016-10-20,17.739999771118164
1437,2016-10-21,17.950000762939453
1438,2016-10-24,18.200000762939453
1439,2016-10-25,18.0
1440,2016-10-26,18.100000381469727
1441,2016-10-27,18.09000015258789
1442,2016-10-28,18.09000015258789
1443,2016-10-31,17.690000534057617
1444,2016-11-01,16.860000610351562
1445,2016-11-03,16.1299991607666
1446,2016-11-04,15.989999771118164
1447,2016-11-07,17.209999084472656
1448,2016-11-08,17.040000915527344
1449,2016-11-09,16.649999618530273
1450,2016-11-10,15.5
1451,2016-11-11,14.010000228881836
1452,2016-11-14,14.0
1453,2016-11-16,14.739999771118164
1454,2016-11-17,14.289999961853027
1455,2016-11-18,14.520000457763672
1456,2016-11-21,15.579999923706055
1457,2016-11-22,15.930000305175781
1458,2016-11-23,15.850000381469727
1459,2016-11-24,15.579999923706055
1460,2016-11-25,15.300000190734863
1461,2016-11-28,15.460000038146973
1462,2016-11-29,14.65999984741211
1463,2016-11-30,16.0
1464,2016-12-01,15.4399995803833
1465,2016-12-02,15.829999923706055
1466,2016-12-05,15.65999984741211
1467,2016-12-06,16.149999618530273
1468,2016-12-07,15.859999656677246
1469,2016-12-08,15.699999809265137
1470,2016-12-09,15.579999923706055
1471,2016-12-12,15.600000381469727
1472,2016-12-13,15.449999809265137
1473,2016-12-14,14.739999771118164
1474,2016-12-15,14.850000381469727
1475,2016-12-16,14.760000228881836
1476,2016-12-19,14.359999656677246
1477,2016-12-20,14.350000381469727
1478,2016-12-21,14.34000015258789
1479,2016-12-22,14.010000228881836
1480,2016-12-23,14.239999771118164
1481,2016-12-26,14.420000076293945
1482,2016-12-27,14.40999984741211
1483,2016-12-28,14.779999732971191
1484,2016-12-29,14.869999885559082
1485,2017-01-02,14.65999984741211
1486,2017-01-03,15.5
1487,2017-01-04,15.5
1488,2017-01-05,15.75
1489,2017-01-06,15.65999984741211
1490,2017-01-09,15.329999923706055
1491,2017-01-10,15.479999542236328
1492,2017-01-11,15.65999984741211
1493,2017-01-12,15.899999618530273
1494,2017-01-13,15.680000305175781
1495,2017-01-16,15.75
1496,2017-01-17,15.819999694824219
1497,2017-01-18,15.789999961853027
1498,2017-01-19,15.770000457763672
1499,2017-01-20,16.0
1500,2017-01-23,15.989999771118164
1501,2017-01-24,16.040000915527344
1502,2017-01-26,15.800000190734863
1503,2017-01-27,15.619999885559082
1504,2017-01-30,14.84000015258789
1505,2017-01-31,15.020000457763672
1506,2017-02-01,15.020000457763672
1507,2017-02-02,14.890000343322754
1508,2017-02-03,15.34000015258789
1509,2017-02-06,14.960000038146973
1510,2017-02-07,14.699999809265137
1511,2017-02-08,15.100000381469727
1512,2017-02-09,15.050000190734863
1513,2017-02-10,15.579999923706055
1514,2017-02-13,15.619999885559082
1515,2017-02-14,15.819999694824219
1516,2017-02-15,15.84000015258789
1517,2017-02-16,15.859999656677246
1518,2017-02-17,15.609999656677246
1519,2017-02-20,15.920000076293945
1520,2017-02-21,16.09000015258789
1521,2017-02-22,15.699999809265137
1522,2017-02-23,15.5600004196167
1523,2017-02-24,15.180000305175781
1524,2017-03-01,15.520000457763672
1525,2017-03-02,15.109999656677246
1526,2017-03-03,15.319999694824219
1527,2017-03-06,15.100000381469727
1528,2017-03-07,15.180000305175781
1529,2017-03-08,14.550000190734863
1530,2017-03-09,14.5
1531,2017-03-10,14.3100004196167
1532,2017-03-13,14.369999885559082
1533,2017-03-14,13.59000015258789
1534,2017-03-15,14.199999809265137
1535,2017-03-16,13.710000038146973
1536,2017-03-17,13.15999984741211
1537,2017-03-20,13.600000381469727
1538,2017-03-21,13.0
1539,2017-03-22,13.65999984741211
1540,2017-03-23,13.569999694824219
1541,2017-03-24,13.479999542236328
1542,2017-03-27,13.770000457763672
1543,2017-03-28,13.949999809265137
1544,2017-03-29,14.449999809265137
1545,2017-03-30,14.449999809265137
1546,2017-03-31,14.489999771118164
1547,2017-04-03,14.670000076293945
1548,2017-04-04,14.850000381469727
1549,2017-04-05,14.569999694824219
1550,2017-04-06,14.529999732971191
1551,2017-04-07,14.699999809265137
1552,2017-04-10,14.9399995803833
1553,2017-04-11,14.680000305175781
1554,2017-04-12,14.649999618530273
1555,2017-04-13,14.079999923706055
1556,2017-04-17,14.279999732971191
1557,2017-04-18,14.100000381469727
1558,2017-04-19,13.600000381469727
1559,2017-04-20,13.880000114440918
1560,2017-04-24,14.029999732971191
1561,2017-04-25,14.34000015258789
1562,2017-04-26,14.0
1563,2017-04-27,13.729999542236328
1564,2017-04-28,13.970000267028809
1565,2017-05-02,13.989999771118164
1566,2017-05-03,14.15999984741211
1567,2017-05-04,13.600000381469727
1568,2017-05-05,14.210000038146973
1569,2017-05-08,14.079999923706055
1570,2017-05-09,14.140000343322754
1571,2017-05-10,14.729999542236328
1572,2017-05-11,14.819999694824219
1573,2017-05-12,15.449999809265137
1574,2017-05-15,15.680000305175781
1575,2017-05-16,15.699999809265137
1576,2017-05-17,15.609999656677246
1577,2017-05-18,13.149999618530273
1578,2017-05-19,13.619999885559082
1579,2017-05-22,13.399999618530273
1580,2017-05-23,13.489999771118164
1581,2017-05-24,14.050000190734863
1582,2017-05-25,13.739999771118164
1583,2017-05-26,13.680000305175781
1584,2017-05-29,13.680000305175781
1585,2017-05-30,13.359999656677246
1586,2017-05-31,12.960000038146973
1587,2017-06-01,12.819999694824219
1588,2017-06-02,13.050000190734863
1589,2017-06-05,13.180000305175781
1590,2017-06-06,13.180000305175781
1591,2017-06-07,12.869999885559082
1592,2017-06-08,12.84000015258789
1593,2017-06-09,12.850000381469727
1594,2017-06-12,12.899999618530273
1595,2017-06-13,12.9399995803833
1596,2017-06-14,12.619999885559082
1597,2017-06-15,12.619999885559082
1598,2017-06-16,12.279999732971191
1599,2017-06-19,12.289999961853027
1600,2017-06-20,11.859999656677246
1601,2017-06-21,11.640000343322754
1602,2017-06-22,12.039999961853027
1603,2017-06-23,11.930000305175781
1604,2017-06-26,12.270000457763672
1605,2017-06-27,12.210000038146973
1606,2017-06-28,12.079999923706055
1607,2017-06-29,12.180000305175781
1608,2017-06-30,12.369999885559082
1609,2017-07-03,12.359999656677246
1610,2017-07-04,12.430000305175781
1611,2017-07-05,12.210000038146973
1612,2017-07-06,12.170000076293945
1613,2017-07-07,11.930000305175781
1614,2017-07-10,11.979999542236328
1615,2017-07-11,12.329999923706055
1616,2017-07-12,12.9399995803833
1617,2017-07-13,12.869999885559082
1618,2017-07-14,13.050000190734863
1619,2017-07-17,12.890000343322754
1620,2017-07-18,12.9399995803833
1621,2017-07-19,13.229999542236328
1622,2017-07-20,13.100000381469727
1623,2017-07-21,12.6899995803833
1624,2017-07-24,12.880000114440918
1625,2017-07-25,13.220000267028809
1626,2017-07-26,13.0600004196167
1627,2017-07-27,13.0
1628,2017-07-28,13.130000114440918
1629,2017-07-31,13.289999961853027
1630,2017-08-01,13.119999885559082
1631,2017-08-02,13.510000228881836
1632,2017-08-03,13.3100004196167
1633,2017-08-04,13.399999618530273
1634,2017-08-07,13.550000190734863
1635,2017-08-08,13.489999771118164
1636,2017-08-09,13.520000457763672
1637,2017-08-10,13.1899995803833
1638,2017-08-11,12.949999809265137
1639,2017-08-14,13.079999923706055
1640,2017-08-15,13.149999618530273
1641,2017-08-16,13.130000114440918
1642,2017-08-17,13.050000190734863
1643,2017-08-18,13.600000381469727
1644,2017-08-21,13.34000015258789
1645,2017-08-22,13.789999961853027
1646,2017-08-23,13.760000228881836
1647,2017-08-24,13.800000190734863
1648,2017-08-25,13.880000114440918
1649,2017-08-28,13.869999885559082
1650,2017-08-29,13.850000381469727
1651,2017-08-30,13.449999809265137
1652,2017-08-31,13.649999618530273
1653,2017-09-01,14.020000457763672
1654,2017-09-04,14.170000076293945
1655,2017-09-05,14.40999984741211
1656,2017-09-06,15.020000457763672
1657,2017-09-07,15.020000457763672
1658,2017-09-08,14.710000038146973
1659,2017-09-11,14.989999771118164
1660,2017-09-12,14.869999885559082
1661,2017-09-13,15.029999732971191
1662,2017-09-14,15.039999961853027
1663,2017-09-15,15.039999961853027
1664,2017-09-18,15.039999961853027
1665,2017-09-19,15.140000343322754
1666,2017-09-20,15.869999885559082
1667,2017-09-21,15.670000076293945
1668,2017-09-22,15.6899995803833
1669,2017-09-25,15.84000015258789
1670,2017-09-26,15.5600004196167
1671,2017-09-27,15.3100004196167
1672,2017-09-28,15.34000015258789
1673,2017-09-29,15.300000190734863
1674,2017-10-02,15.399999618530273
1675,2017-10-03,15.979999542236328
1676,2017-10-04,15.65999984741211
1677,2017-10-05,15.899999618530273
1678,2017-10-06,15.6899995803833
1679,2017-10-09,15.890000343322754
1680,2017-10-10,16.190000534057617
1681,2017-10-11,16.079999923706055
1682,2017-10-12,16.079999923706055
1683,2017-10-13,16.079999923706055
1684,2017-10-16,16.1200008392334
1685,2017-10-17,16.1299991607666
1686,2017-10-18,16.15999984741211
1687,2017-10-19,16.149999618530273
1688,2017-10-20,16.219999313354492
1689,2017-10-23,16.200000762939453
1690,2017-10-24,16.510000228881836
1691,2017-10-25,16.719999313354492
1692,2017-10-26,16.729999542236328
1693,2017-10-27,17.030000686645508
1694,2017-10-30,16.780000686645508
1695,2017-10-31,16.770000457763672
1696,2017-11-01,16.899999618530273
1697,2017-11-02,16.899999618530273
1698,2017-11-03,16.940000534057617
1699,2017-11-06,17.43000030517578
1700,2017-11-07,16.5
1701,2017-11-08,16.950000762939453
1702,2017-11-09,16.719999313354492
1703,2017-11-10,16.719999313354492
1704,2017-11-13,16.639999389648438
1705,2017-11-14,15.350000381469727
1706,2017-11-15,15.350000381469727
1707,2017-11-16,15.8100004196167
1708,2017-11-17,16.020000457763672
1709,2017-11-20,16.020000457763672
1710,2017-11-21,15.899999618530273
1711,2017-11-22,16.110000610351562
1712,2017-11-23,16.190000534057617
1713,2017-11-24,16.100000381469727
1714,2017-11-27,15.869999885559082
1715,2017-11-28,15.84000015258789
1716,2017-11-29,15.329999923706055
1717,2017-11-30,15.380000114440918
1718,2017-12-01,15.609999656677246
1719,2017-12-04,15.479999542236328
1720,2017-12-05,15.3100004196167
1721,2017-12-06,15.520000457763672
1722,2017-12-07,15.260000228881836
1723,2017-12-08,15.350000381469727
1724,2017-12-11,15.380000114440918
1725,2017-12-12,15.489999771118164
1726,2017-12-13,15.180000305175781
1727,2017-12-14,15.010000228881836
1728,2017-12-15,14.949999809265137
1729,2017-12-18,15.220000267028809
1730,2017-12-19,15.140000343322754
1731,2017-12-20,15.239999771118164
1732,2017-12-21,15.859999656677246
1733,2017-12-22,15.75
1734,2017-12-25,15.75
1735,2017-12-26,15.970000267028809
1736,2017-12-27,16.049999237060547
1737,2017-12-28,16.100000381469727
1738,2017-12-29,16.100000381469727
1739,2018-01-02,16.549999237060547
1740,2018-01-03,16.700000762939453
1741,2018-01-04,16.729999542236328
1742,2018-01-05,16.829999923706055
1743,2018-01-08,17.030000686645508
1744,2018-01-09,17.030000686645508
1745,2018-01-10,16.799999237060547
1746,2018-01-11,17.25
1747,2018-01-12,17.299999237060547
1748,2018-01-15,17.350000381469727
1749,2018-01-16,17.649999618530273
1750,2018-01-17,18.360000610351562
1751,2018-01-18,18.219999313354492
1752,2018-01-19,18.260000228881836
1753,2018-01-22,18.469999313354492
1754,2018-01-23,18.239999771118164
1755,2018-01-24,19.34000015258789
1756,2018-01-25,19.34000015258789
1757,2018-01-26,19.93000030517578
1758,2018-01-29,19.850000381469727
1759,2018-01-30,19.489999771118164
1760,2018-01-31,19.700000762939453
1761,2018-02-01,20.520000457763672
1762,2018-02-02,19.969999313354492
1763,2018-02-05,19.040000915527344
1764,2018-02-06,19.989999771118164
1765,2018-02-07,19.440000534057617
1766,2018-02-08,19.049999237060547
1767,2018-02-09,18.770000457763672
1768,2018-02-14,19.25
1769,2018-02-15,19.399999618530273
1770,2018-02-16,19.420000076293945
1771,2018-02-19,20.049999237060547
1772,2018-02-20,20.440000534057617
1773,2018-02-21,20.25
1774,2018-02-22,20.739999771118164
1775,2018-02-23,21.1200008392334
1776,2018-02-26,21.520000457763672
1777,2018-02-27,21.5
1778,2018-02-28,21.459999084472656
1779,2018-03-01,21.030000686645508
1780,2018-03-02,21.510000228881836
1781,2018-03-05,22.1200008392334
1782,2018-03-06,21.899999618530273
1783,2018-03-07,21.670000076293945
1784,2018-03-08,21.700000762939453
1785,2018-03-09,22.389999389648438
1786,2018-03-12,22.329999923706055
1787,2018-03-13,22.110000610351562
1788,2018-03-14,22.3799991607666
1789,2018-03-15,21.309999465942383
1790,2018-03-16,21.43000030517578
1791,2018-03-19,20.93000030517578
1792,2018-03-20,21.15999984741211
1793,2018-03-21,22.049999237060547
1794,2018-03-22,21.719999313354492
1795,2018-03-23,21.75
1796,2018-03-26,22.030000686645508
1797,2018-03-27,21.440000534057617
1798,2018-03-28,21.200000762939453
1799,2018-03-29,21.40999984741211
1800,2018-04-02,20.899999618530273
1801,2018-04-03,20.709999084472656
1802,2018-04-04,20.3799991607666
1803,2018-04-05,21.149999618530273
1804,2018-04-06,21.280000686645508
1805,2018-04-09,20.530000686645508
1806,2018-04-10,21.399999618530273
1807,2018-04-11,21.799999237060547
1808,2018-04-12,21.68000030517578
1809,2018-04-13,21.200000762939453
1810,2018-04-16,20.6200008392334
1811,2018-04-17,21.030000686645508
1812,2018-04-18,21.799999237060547
1813,2018-04-19,22.200000762939453
1814,2018-04-20,22.360000610351562
1815,2018-04-23,22.479999542236328
1816,2018-04-24,22.399999618530273
1817,2018-04-25,21.729999542236328
1818,2018-04-26,22.6299991607666
1819,2018-04-27,22.709999084472656
1820,2018-04-30,22.969999313354492
1821,2018-05-02,22.600000381469727
1822,2018-05-03,22.450000762939453
1823,2018-05-04,22.270000457763672
1824,2018-05-07,22.649999618530273
1825,2018-05-08,22.90999984741211
1826,2018-05-09,24.780000686645508
1827,2018-05-10,25.75
1828,2018-05-11,25.440000534057617
1829,2018-05-14,26.239999771118164
1830,2018-05-15,26.790000915527344
1831,2018-05-16,27.389999389648438
1832,2018-05-17,25.950000762939453
1833,2018-05-18,25.649999618530273
1834,2018-05-21,25.049999237060547
1835,2018-05-22,24.709999084472656
1836,2018-05-23,23.270000457763672
1837,2018-05-24,20.079999923706055
1838,2018-05-25,19.799999237060547
1839,2018-05-28,16.90999984741211
1840,2018-05-29,19.299999237060547
1841,2018-05-30,18.979999542236328
1842,2018-06-01,16.15999984741211
1843,2018-06-04,17.530000686645508
1844,2018-06-05,16.59000015258789
1845,2018-06-06,16.329999923706055
1846,2018-06-07,15.760000228881836
1847,2018-06-08,15.25
1848,2018-06-11,15.40999984741211
1849,2018-06-12,15.460000038146973
1850,2018-06-13,15.170000076293945
1851,2018-06-14,15.100000381469727
1852,2018-06-15,14.970000267028809
1853,2018-06-18,14.5
1854,2018-06-19,15.420000076293945
1855,2018-06-20,16.209999084472656
1856,2018-06-21,15.100000381469727
1857,2018-06-22,15.109999656677246
1858,2018-06-25,15.699999809265137
1859,2018-06-26,16.040000915527344
1860,2018-06-27,16.549999237060547
1861,2018-06-28,16.600000381469727
1862,2018-06-29,17.190000534057617
1863,2018-07-02,17.469999313354492
1864,2018-07-03,17.5
1865,2018-07-04,17.610000610351562
1866,2018-07-05,17.860000610351562
1867,2018-07-06,17.940000534057617
1868,2018-07-10,17.75
1869,2018-07-11,17.40999984741211
1870,2018-07-12,17.950000762939453
1871,2018-07-13,18.110000610351562
1872,2018-07-16,17.8799991607666
1873,2018-07-17,18.290000915527344
1874,2018-07-18,18.049999237060547
1875,2018-07-19,18.399999618530273
1876,2018-07-20,19.290000915527344
1877,2018-07-23,19.260000228881836
1878,2018-07-24,19.65999984741211
1879,2018-07-25,19.959999084472656
1880,2018-07-26,19.40999984741211
1881,2018-07-27,19.770000457763672
1882,2018-07-30,19.889999389648438
1883,2018-07-31,19.719999313354492
1884,2018-08-01,20.010000228881836
1885,2018-08-02,20.40999984741211
1886,2018-08-03,21.110000610351562
1887,2018-08-06,21.040000915527344
1888,2018-08-07,20.709999084472656
1889,2018-08-08,20.139999389648438
1890,2018-08-09,20.34000015258789
1891,2018-08-10,19.59000015258789
1892,2018-08-13,20.040000915527344
1893,2018-08-14,19.979999542236328
1894,2018-08-15,19.049999237060547
1895,2018-08-16,18.950000762939453
1896,2018-08-17,18.459999084472656
1897,2018-08-20,18.360000610351562
1898,2018-08-21,17.719999313354492
1899,2018-08-22,18.350000381469727
1900,2018-08-23,17.950000762939453
1901,2018-08-24,18.299999237060547
1902,2018-08-27,18.709999084472656
1903,2018-08-28,18.350000381469727
1904,2018-08-29,19.299999237060547
1905,2018-08-30,18.799999237060547
1906,2018-08-31,19.260000228881836
1907,2018-09-03,19.0
1908,2018-09-04,18.649999618530273
1909,2018-09-05,18.75
1910,2018-09-06,18.989999771118164
1911,2018-09-10,19.260000228881836
1912,2018-09-11,18.5
1913,2018-09-12,18.950000762939453
1914,2018-09-13,18.709999084472656
1915,2018-09-14,18.790000915527344
1916,2018-09-17,19.399999618530273
1917,2018-09-18,20.25
1918,2018-09-19,19.979999542236328
1919,2018-09-20,19.8700008392334
1920,2018-09-21,20.139999389648438
1921,2018-09-24,20.0
1922,2018-09-25,20.079999923706055
1923,2018-09-26,20.190000534057617
1924,2018-09-27,21.459999084472656
1925,2018-09-28,21.09000015258789
1926,2018-10-01,21.0
1927,2018-10-02,22.81999969482422
1928,2018-10-03,23.790000915527344
1929,2018-10-04,24.020000457763672
1930,2018-10-05,23.959999084472656
1931,2018-10-08,26.600000381469727
1932,2018-10-09,26.81999969482422
1933,2018-10-10,26.049999237060547
1934,2018-10-11,25.290000915527344
1935,2018-10-15,25.770000457763672
1936,2018-10-16,26.729999542236328
1937,2018-10-17,26.450000762939453
1938,2018-10-18,25.700000762939453
1939,2018-10-19,25.920000076293945
1940,2018-10-22,26.530000686645508
1941,2018-10-23,26.200000762939453
1942,2018-10-24,25.68000030517578
1943,2018-10-25,26.31999969482422
1944,2018-10-26,27.600000381469727
1945,2018-10-29,26.420000076293945
1946,2018-10-30,28.0
1947,2018-10-31,27.6200008392334
1948,2018-11-01,27.31999969482422
1949,2018-11-05,28.15999984741211
1950,2018-11-06,27.190000534057617
1951,2018-11-07,26.299999237060547
1952,2018-11-08,25.350000381469727
1953,2018-11-09,25.459999084472656
1954,2018-11-12,25.329999923706055
1955,2018-11-13,24.239999771118164
1956,2018-11-14,25.100000381469727
1957,2018-11-16,25.799999237060547
1958,2018-11-19,26.0
1959,2018-11-21,25.170000076293945
1960,2018-11-22,25.149999618530273
1961,2018-11-23,24.3700008392334
1962,2018-11-26,24.25
1963,2018-11-27,25.530000686645508
1964,2018-11-28,25.3799991607666
1965,2018-11-29,25.170000076293945
1966,2018-11-30,25.459999084472656
1967,2018-12-03,25.940000534057617
1968,2018-12-04,25.34000015258789
1969,2018-12-05,25.559999465942383
1970,2018-12-06,24.59000015258789
1971,2018-12-07,24.770000457763672
1972,2018-12-10,23.440000534057617
1973,2018-12-11,23.290000915527344
1974,2018-12-12,23.299999237060547
1975,2018-12-13,23.360000610351562
1976,2018-12-14,23.049999237060547
1977,2018-12-17,22.8700008392334
1978,2018-12-18,22.0
1979,2018-12-19,22.25
1980,2018-12-20,21.489999771118164
1981,2018-12-21,21.549999237060547
1982,2018-12-26,21.68000030517578
1983,2018-12-27,21.670000076293945
1984,2018-12-28,22.68000030517578
1985,2019-01-02,24.059999465942383
1986,2019-01-03,24.649999618530273
1987,2019-01-04,24.719999313354492
1988,2019-01-07,25.110000610351562
1989,2019-01-08,24.959999084472656
1990,2019-01-09,25.479999542236328
1991,2019-01-10,25.260000228881836
1992,2019-01-11,24.989999771118164
1993,2019-01-14,24.850000381469727
1994,2019-01-15,24.829999923706055
1995,2019-01-16,24.81999969482422
1996,2019-01-17,25.15999984741211
1997,2019-01-18,25.399999618530273
1998,2019-01-21,25.530000686645508
1999,2019-01-22,25.1299991607666
2000,2019-01-23,25.43000030517578
2001,2019-01-24,25.540000915527344
2002,2019-01-28,24.770000457763672
2003,2019-01-29,25.3700008392334
2004,2019-01-30,25.6200008392334
2005,2019-01-31,25.579999923706055
2006,2019-02-01,25.799999237060547
2007,2019-02-04,26.030000686645508
2008,2019-02-05,26.079999923706055
2009,2019-02-06,25.489999771118164
2010,2019-02-07,25.09000015258789
2011,2019-02-08,25.1299991607666
2012,2019-02-11,24.84000015258789
2013,2019-02-12,25.719999313354492
2014,2019-02-13,26.049999237060547
2015,2019-02-14,26.950000762939453
2016,2019-02-15,26.84000015258789
2017,2019-02-18,26.760000228881836
2018,2019-02-19,27.3799991607666
2019,2019-02-20,27.040000915527344
2020,2019-02-21,27.399999618530273
2021,2019-02-22,27.1299991607666
2022,2019-02-25,26.700000762939453
2023,2019-02-26,26.579999923706055
2024,2019-02-27,27.079999923706055
2025,2019-02-28,27.059999465942383
2026,2019-03-01,26.700000762939453
2027,2019-03-06,26.760000228881836
2028,2019-03-07,26.770000457763672
2029,2019-03-08,26.670000076293945
2030,2019-03-11,27.75
2031,2019-03-12,27.5
2032,2019-03-13,28.100000381469727
2033,2019-03-14,28.190000534057617
2034,2019-03-15,28.25
2035,2019-03-18,28.739999771118164
2036,2019-03-19,29.200000762939453
2037,2019-03-20,28.969999313354492
2038,2019-03-21,28.559999465942383
2039,2019-03-22,27.0
2040,2019-03-25,27.34000015258789
2041,2019-03-26,28.6299991607666
2042,2019-03-27,27.34000015258789
2043,2019-03-28,28.059999465942383
2044,2019-03-29,28.059999465942383
2045,2019-04-01,28.0
2046,2019-04-02,28.290000915527344
2047,2019-04-03,27.540000915527344
2048,2019-04-04,28.469999313354492
2049,2019-04-05,28.780000686645508
2050,2019-04-08,29.25
2051,2019-04-09,29.15999984741211
2052,2019-04-10,28.780000686645508
2053,2019-04-11,28.0
2054,2019-04-12,25.829999923706055
2055,2019-04-15,25.93000030517578
2056,2019-04-16,26.719999313354492
2057,2019-04-17,26.75
2058,2019-04-18,27.600000381469727
2059,2019-04-22,27.440000534057617
2060,2019-04-23,27.68000030517578
2061,2019-04-24,27.600000381469727
2062,2019-04-25,27.799999237060547
2063,2019-04-26,27.25
2064,2019-04-29,27.3700008392334
2065,2019-04-30,27.110000610351562
2066,2019-05-02,26.729999542236328
2067,2019-05-03,26.850000381469727
2068,2019-05-06,26.770000457763672
2069,2019-05-07,26.350000381469727
2070,2019-05-08,27.3700008392334
2071,2019-05-09,26.829999923706055
2072,2019-05-10,26.68000030517578
2073,2019-05-13,25.899999618530273
2074,2019-05-14,26.0
2075,2019-05-15,25.8799991607666
2076,2019-05-16,25.270000457763672
2077,2019-05-17,24.68000030517578
2078,2019-05-20,25.520000457763672
2079,2019-05-21,26.489999771118164
2080,2019-05-22,26.290000915527344
2081,2019-05-23,25.84000015258789
2082,2019-05-24,26.09000015258789
2083,2019-05-27,26.239999771118164
2084,2019-05-28,26.799999237060547
2085,2019-05-29,26.5
2086,2019-05-30,26.149999618530273
2087,2019-05-31,25.549999237060547
2088,2019-06-03,25.989999771118164
2089,2019-06-04,26.200000762939453
2090,2019-06-05,25.860000610351562
2091,2019-06-06,26.280000686645508
2092,2019-06-07,26.760000228881836
2093,2019-06-10,26.649999618530273
2094,2019-06-11,27.15999984741211
2095,2019-06-12,26.850000381469727
2096,2019-06-13,27.18000030517578
2097,2019-06-14,27.059999465942383
2098,2019-06-17,27.110000610351562
2099,2019-06-18,27.450000762939453
2100,2019-06-19,27.520000457763672
2101,2019-06-21,28.280000686645508
2102,2019-06-24,28.25
2103,2019-06-25,27.510000228881836
2104,2019-06-26,27.670000076293945
2105,2019-06-27,27.229999542236328
2106,2019-06-28,27.40999984741211
2107,2019-07-01,27.260000228881836
2108,2019-07-02,26.81999969482422
2109,2019-07-03,27.18000030517578
2110,2019-07-04,27.389999389648438
2111,2019-07-05,27.399999618530273
2112,2019-07-08,27.649999618530273
2113,2019-07-10,28.06999969482422
2114,2019-07-11,28.399999618530273
2115,2019-07-12,28.530000686645508
2116,2019-07-15,28.18000030517578
2117,2019-07-16,27.829999923706055
2118,2019-07-17,27.68000030517578
2119,2019-07-18,27.510000228881836
2120,2019-07-19,27.440000534057617
2121,2019-07-22,27.489999771118164
2122,2019-07-23,27.520000457763672
2123,2019-07-24,27.350000381469727
2124,2019-07-25,26.889999389648438
2125,2019-07-26,26.139999389648438
2126,2019-07-29,26.3799991607666
2127,2019-07-30,26.239999771118164
2128,2019-07-31,26.079999923706055
2129,2019-08-01,26.25
2130,2019-08-02,26.520000457763672
2131,2019-08-05,25.549999237060547
2132,2019-08-06,25.8799991607666
2133,2019-08-07,25.600000381469727
2134,2019-08-08,26.350000381469727
2135,2019-08-09,26.280000686645508
2136,2019-08-12,25.649999618530273
2137,2019-08-13,25.790000915527344
2138,2019-08-14,24.920000076293945
2139,2019-08-15,24.229999542236328
2140,2019-08-16,23.90999984741211
2141,2019-08-19,24.030000686645508
2142,2019-08-20,24.020000457763672
2143,2019-08-21,25.450000762939453
2144,2019-08-22,25.219999313354492
2145,2019-08-23,24.280000686645508
2146,2019-08-26,23.959999084472656
2147,2019-08-27,24.34000015258789
2148,2019-08-28,24.59000015258789
2149,2019-08-29,25.5
2150,2019-08-30,25.5
2151,2019-09-02,25.299999237060547
2152,2019-09-03,25.600000381469727
2153,2019-09-04,26.260000228881836
2154,2019-09-05,26.389999389648438
2155,2019-09-06,26.520000457763672
2156,2019-09-09,26.93000030517578
2157,2019-09-10,27.100000381469727
2158,2019-09-11,26.8700008392334
2159,2019-09-12,27.059999465942383
2160,2019-09-13,26.8799991607666
2161,2019-09-16,28.059999465942383
2162,2019-09-17,27.690000534057617
2163,2019-09-18,27.219999313354492
2164,2019-09-19,27.290000915527344
2165,2019-09-20,27.0
2166,2019-09-23,27.479999542236328
2167,2019-09-24,27.270000457763672
2168,2019-09-25,27.34000015258789
2169,2019-09-26,27.700000762939453
2170,2019-09-27,27.65999984741211
2171,2019-09-30,27.549999237060547
2172,2019-10-01,27.510000228881836
2173,2019-10-02,26.719999313354492
2174,2019-10-03,26.739999771118164
2175,2019-10-04,26.510000228881836
2176,2019-10-07,26.170000076293945
2177,2019-10-08,26.020000457763672
2178,2019-10-09,26.520000457763672
2179,2019-10-10,26.739999771118164
2180,2019-10-11,27.260000228881836
2181,2019-10-14,27.309999465942383
2182,2019-10-15,27.600000381469727
2183,2019-10-16,27.93000030517578
2184,2019-10-17,27.65999984741211
2185,2019-10-18,27.600000381469727
2186,2019-10-21,27.770000457763672
2187,2019-10-22,28.56999969482422
2188,2019-10-23,28.950000762939453
2189,2019-10-24,28.31999969482422
2190,2019-10-25,29.25
2191,2019-10-28,29.600000381469727
2192,2019-10-29,29.81999969482422
2193,2019-10-30,30.079999923706055
2194,2019-10-31,30.389999389648438
2195,2019-11-01,30.43000030517578
2196,2019-11-04,30.360000610351562
2197,2019-11-05,29.649999618530273
2198,2019-11-06,29.709999084472656
2199,2019-11-07,30.899999618530273
2200,2019-11-08,30.020000457763672
2201,2019-11-11,30.450000762939453
2202,2019-11-12,30.020000457763672
2203,2019-11-13,29.899999618530273
2204,2019-11-14,29.299999237060547
2205,2019-11-18,29.079999923706055
2206,2019-11-19,28.780000686645508
2207,2019-11-21,29.850000381469727
2208,2019-11-22,29.979999542236328
2209,2019-11-25,29.729999542236328
2210,2019-11-26,29.190000534057617
2211,2019-11-27,29.329999923706055
2212,2019-11-28,29.530000686645508
2213,2019-11-29,29.149999618530273
2214,2019-12-02,29.06999969482422
2215,2019-12-03,28.979999542236328
2216,2019-12-04,29.65999984741211
2217,2019-12-05,30.049999237060547
2218,2019-12-06,30.350000381469727
2219,2019-12-09,30.209999084472656
2220,2019-12-10,30.440000534057617
2221,2019-12-11,30.399999618530273
2222,2019-12-12,30.969999313354492
2223,2019-12-13,29.979999542236328
2224,2019-12-16,29.40999984741211
2225,2019-12-17,29.850000381469727
2226,2019-12-18,30.540000915527344
2227,2019-12-19,30.610000610351562
2228,2019-12-20,30.260000228881836
2229,2019-12-23,30.5
2230,2019-12-26,30.90999984741211
2231,2019-12-27,30.520000457763672
2232,2019-12-30,30.18000030517578
2233,2020-01-02,30.700000762939453
2234,2020-01-03,30.450000762939453
2235,2020-01-06,30.809999465942383
2236,2020-01-07,30.690000534057617
2237,2020-01-08,30.5
2238,2020-01-09,30.399999618530273
2239,2020-01-10,30.270000457763672
2240,2020-01-13,30.329999923706055
2241,2020-01-14,30.0
2242,2020-01-15,29.549999237060547
2243,2020-01-16,29.520000457763672
2244,2020-01-17,29.850000381469727
2245,2020-01-20,30.0
2246,2020-01-21,29.6200008392334
2247,2020-01-22,29.290000915527344
2248,2020-01-23,29.649999618530273
2249,2020-01-24,29.299999237060547
2250,2020-01-27,28.030000686645508
2251,2020-01-28,28.799999237060547
2252,2020-01-29,28.850000381469727
2253,2020-01-30,28.940000534057617
2254,2020-01-31,28.450000762939453
2255,2020-02-03,28.18000030517578
2256,2020-02-04,28.6299991607666
2257,2020-02-05,28.389999389648438
2258,2020-02-06,29.18000030517578
2259,2020-02-07,28.93000030517578
2260,2020-02-10,29.1299991607666
2261,2020-02-11,29.479999542236328
2262,2020-02-12,30.1299991607666
2263,2020-02-13,29.719999313354492
2264,2020-02-14,29.420000076293945
2265,2020-02-17,29.360000610351562
2266,2020-02-18,29.75
2267,2020-02-19,30.549999237060547
2268,2020-02-20,29.920000076293945
2269,2020-02-21,29.139999389648438
2270,2020-02-26,26.209999084472656
2271,2020-02-27,25.299999237060547
2272,2020-02-28,25.34000015258789
2273,2020-03-02,26.530000686645508
2274,2020-03-03,26.049999237060547
2275,2020-03-04,26.889999389648438
2276,2020-03-05,25.290000915527344
2277,2020-03-06,22.829999923706055
2278,2020-03-09,16.049999237060547
2279,2020-03-10,17.559999465942383
2280,2020-03-11,15.850000381469727
2281,2020-03-12,12.600000381469727
2282,2020-03-13,15.399999618530273
2283,2020-03-16,13.09000015258789
2284,2020-03-17,13.0
2285,2020-03-18,11.289999961853027
2286,2020-03-19,12.210000038146973
2287,2020-03-20,12.0
2288,2020-03-23,11.5
2289,2020-03-24,13.25
2290,2020-03-25,14.319999694824219
2291,2020-03-26,14.390000343322754
2292,2020-03-27,13.300000190734863
2293,2020-03-30,13.380000114440918
2294,2020-03-31,13.989999771118164
2295,2020-04-01,14.300000190734863
2296,2020-04-02,15.510000228881836
2297,2020-04-03,15.34000015258789
2298,2020-04-06,15.770000457763672
2299,2020-04-07,16.399999618530273
2300,2020-04-08,17.31999969482422
2301,2020-04-09,16.81999969482422
2302,2020-04-13,16.93000030517578
2303,2020-04-14,16.729999542236328
2304,2020-04-15,16.3799991607666
2305,2020-04-16,15.720000267028809
2306,2020-04-17,16.1299991607666
2307,2020-04-20,15.949999809265137
2308,2020-04-22,16.75
2309,2020-04-23,16.950000762939453
2310,2020-04-24,15.949999809265137
2311,2020-04-27,16.450000762939453
2312,2020-04-28,17.25
2313,2020-04-29,18.200000762939453
2314,2020-04-30,18.049999237060547
2315,2020-05-04,17.3799991607666
2316,2020-05-05,17.940000534057617
2317,2020-05-06,17.280000686645508
2318,2020-05-07,17.440000534057617
2319,2020-05-08,18.479999542236328
2320,2020-05-11,18.149999618530273
2321,2020-05-12,18.139999389648438
2322,2020-05-13,17.59000015258789
2323,2020-05-14,17.399999618530273
2324,2020-05-15,17.149999618530273
2325,2020-05-18,18.540000915527344
2326,2020-05-19,18.68000030517578
2327,2020-05-20,19.299999237060547
2328,2020-05-21,19.190000534057617
2329,2020-05-22,18.670000076293945
2330,2020-05-25,19.479999542236328
2331,2020-05-26,19.670000076293945
2332,2020-05-27,19.93000030517578
2333,2020-05-28,19.770000457763672
2334,2020-05-29,20.34000015258789
2335,2020-06-01,20.329999923706055
2336,2020-06-02,21.399999618530273
2337,2020-06-03,21.469999313354492
2338,2020-06-04,21.43000030517578
2339,2020-06-05,22.100000381469727
2340,2020-06-08,22.530000686645508
2341,2020-06-09,21.719999313354492
2342,2020-06-10,21.399999618530273
2343,2020-06-12,20.600000381469727
2344,2020-06-15,20.700000762939453
2345,2020-06-16,21.3700008392334
2346,2020-06-17,21.440000534057617
2347,2020-06-18,21.600000381469727
2348,2020-06-19,21.469999313354492
2349,2020-06-22,20.950000762939453
2350,2020-06-23,21.649999618530273
2351,2020-06-24,21.0
2352,2020-06-25,21.469999313354492
2353,2020-06-26,20.84000015258789
2354,2020-06-29,21.65999984741211
2355,2020-06-30,21.549999237060547
2356,2020-07-01,21.709999084472656
2357,2020-07-02,22.059999465942383
2358,2020-07-03,21.979999542236328
2359,2020-07-06,22.510000228881836
2360,2020-07-07,22.229999542236328
2361,2020-07-08,22.649999618530273
2362,2020-07-09,22.139999389648438
2363,2020-07-10,22.510000228881836
2364,2020-07-13,22.15999984741211
2365,2020-07-14,22.899999618530273
2366,2020-07-15,23.34000015258789
2367,2020-07-16,22.719999313354492
2368,2020-07-17,22.739999771118164
2369,2020-07-20,22.739999771118164
2370,2020-07-21,23.3700008392334
2371,2020-07-22,23.049999237060547
2372,2020-07-23,22.56999969482422
2373,2020-07-24,22.729999542236328
2374,2020-07-27,23.200000762939453
2375,2020-07-28,22.799999237060547
2376,2020-07-29,23.170000076293945
2377,2020-07-30,22.81999969482422
2378,2020-07-31,22.200000762939453
2379,2020-08-03,21.799999237060547
2380,2020-08-04,21.780000686645508
2381,2020-08-05,23.18000030517578
2382,2020-08-06,23.219999313354492
2383,2020-08-07,22.790000915527344
2384,2020-08-10,23.450000762939453
2385,2020-08-11,23.079999923706055
2386,2020-08-12,23.479999542236328
2387,2020-08-13,22.84000015258789
2388,2020-08-14,22.670000076293945
2389,2020-08-17,22.600000381469727
2390,2020-08-18,23.020000457763672
2391,2020-08-19,22.889999389648438
2392,2020-08-20,22.729999542236328
2393,2020-08-21,22.559999465942383
2394,2020-08-24,22.969999313354492
2395,2020-08-25,22.8700008392334
2396,2020-08-26,22.219999313354492
2397,2020-08-27,22.149999618530273
2398,2020-08-28,22.540000915527344
2399,2020-08-31,21.889999389648438
2400,2020-09-01,22.8700008392334
2401,2020-09-02,22.799999237060547
2402,2020-09-03,22.8799991607666
2403,2020-09-04,22.920000076293945
2404,2020-09-08,22.260000228881836
2405,2020-09-09,22.729999542236328
2406,2020-09-10,22.1200008392334
2407,2020-09-11,21.8799991607666
2408,2020-09-14,21.68000030517578
2409,2020-09-15,21.670000076293945
2410,2020-09-16,21.729999542236328
2411,2020-09-17,22.149999618530273
2412,2020-09-18,21.649999618530273
2413,2020-09-21,20.899999618530273
2414,2020-09-22,20.799999237060547
2415,2020-09-23,20.229999542236328
2416,2020-09-24,20.399999618530273
2417,2020-09-25,20.1299991607666
2418,2020-09-28,19.6299991607666
2419,2020-09-29,19.309999465942383
2420,2020-09-30,19.610000610351562
2421,2020-10-01,19.850000381469727
2422,2020-10-02,19.020000457763672
2423,2020-10-05,20.030000686645508
2424,2020-10-06,19.93000030517578
2425,2020-10-07,19.790000915527344
2426,2020-10-08,20.440000534057617
2427,2020-10-09,19.799999237060547
2428,2020-10-13,20.1299991607666
2429,2020-10-14,19.969999313354492
2430,2020-10-15,19.75
2431,2020-10-16,19.329999923706055
2432,2020-10-19,19.520000457763672
2433,2020-10-20,20.18000030517578
2434,2020-10-21,20.15999984741211
2435,2020-10-22,20.84000015258789
2436,2020-10-23,20.56999969482422
2437,2020-10-26,20.25
2438,2020-10-27,19.8799991607666
2439,2020-10-28,18.670000076293945
2440,2020-10-29,19.290000915527344
2441,2020-10-30,18.940000534057617
2442,2020-11-03,19.649999618530273
2443,2020-11-04,19.719999313354492
2444,2020-11-05,19.889999389648438
2445,2020-11-06,19.75
2446,2020-11-09,21.610000610351562
2447,2020-11-10,23.079999923706055
2448,2020-11-11,22.8799991607666
2449,2020-11-12,21.90999984741211
2450,2020-11-13,22.6299991607666
2451,2020-11-16,23.290000915527344
2452,2020-11-17,23.690000534057617
2453,2020-11-18,23.549999237060547
2454,2020-11-19,23.81999969482422
2455,2020-11-23,25.100000381469727
2456,2020-11-24,26.219999313354492
2457,2020-11-25,26.25
2458,2020-11-26,25.81999969482422
2459,2020-11-27,25.5
2460,2020-11-30,24.899999618530273
2461,2020-12-01,25.600000381469727
2462,2020-12-02,25.90999984741211
2463,2020-12-03,26.639999389648438
2464,2020-12-04,27.530000686645508
2465,2020-12-07,27.0
2466,2020-12-08,26.65999984741211
2467,2020-12-09,26.940000534057617
2468,2020-12-10,27.81999969482422
2469,2020-12-11,27.56999969482422
2470,2020-12-14,27.6200008392334
2471,2020-12-15,27.850000381469727
2472,2020-12-16,28.190000534057617
2473,2020-12-17,28.239999771118164
2474,2020-12-18,28.100000381469727
2475,2020-12-21,27.020000457763672
2476,2020-12-22,27.280000686645508
2477,2020-12-23,27.950000762939453
2478,2020-12-28,28.18000030517578
2479,2020-12-29,28.270000457763672
2480,2020-12-30,28.34000015258789
2481,2021-01-04,28.90999984741211
2482,2021-01-05,30.040000915527344
2483,2021-01-06,30.100000381469727
2484,2021-01-07,31.0
2485,2021-01-08,31.1200008392334
2486,2021-01-11,30.860000610351562
2487,2021-01-12,30.6299991607666
2488,2021-01-13,29.149999618530273
2489,2021-01-14,29.450000762939453
2490,2021-01-15,28.1200008392334
2491,2021-01-18,28.06999969482422
2492,2021-01-19,28.690000534057617
2493,2021-01-20,28.209999084472656
2494,2021-01-21,27.549999237060547
2495,2021-01-22,27.09000015258789
2496,2021-01-26,27.0
2497,2021-01-27,27.399999618530273
2498,2021-01-28,27.760000228881836
2499,2021-01-29,26.690000534057617
2500,2021-02-01,27.530000686645508
2501,2021-02-02,28.65999984741211
2502,2021-02-03,28.940000534057617
2503,2021-02-04,28.81999969482422
2504,2021-02-05,28.84000015258789
2505,2021-02-08,28.110000610351562
2506,2021-02-09,27.540000915527344
2507,2021-02-10,27.799999237060547
2508,2021-02-11,28.079999923706055
2509,2021-02-12,28.440000534057617
2510,2021-02-17,29.59000015258789
2511,2021-02-18,29.270000457763672
2512,2021-02-19,27.329999923706055
2513,2021-02-22,21.670000076293945
2514,2021-02-23,24.059999465942383
2515,2021-02-24,24.399999618530273
2516,2021-02-25,23.190000534057617
2517,2021-02-26,22.239999771118164
2518,2021-03-01,22.0
2519,2021-03-02,21.989999771118164
2520,2021-03-03,21.190000534057617
2521,2021-03-04,22.219999313354492
2522,2021-03-05,22.389999389648438
2523,2021-03-08,21.100000381469727
2524,2021-03-09,21.59000015258789
2525,2021-03-10,22.34000015258789
2526,2021-03-11,23.290000915527344
2527,2021-03-12,23.170000076293945
2528,2021-03-15,23.649999618530273
2529,2021-03-16,23.280000686645508
2530,2021-03-17,24.079999923706055
2531,2021-03-18,23.239999771118164
2532,2021-03-19,24.0
2533,2021-03-22,23.520000457763672
2534,2021-03-23,22.799999237060547
2535,2021-03-24,22.81999969482422
2536,2021-03-25,23.200000762939453
2537,2021-03-26,23.459999084472656
2538,2021-03-29,23.829999923706055
2539,2021-03-30,23.829999923706055
2540,2021-03-31,24.100000381469727
2541,2021-04-01,23.889999389648438
2542,2021-04-05,24.040000915527344
2543,2021-04-06,24.020000457763672
2544,2021-04-07,24.0
2545,2021-04-08,23.700000762939453
2546,2021-04-09,23.649999618530273
2547,2021-04-12,23.889999389648438
2548,2021-04-13,23.969999313354492
2549,2021-04-14,24.350000381469727
2550,2021-04-15,23.09000015258789
2551,2021-04-16,22.950000762939453
2552,2021-04-19,24.280000686645508
2553,2021-04-20,23.81999969482422
2554,2021-04-22,23.709999084472656
2555,2021-04-23,23.690000534057617
2556,2021-04-26,23.780000686645508
2557,2021-04-27,23.100000381469727
2558,2021-04-28,23.940000534057617
2559,2021-04-29,23.6200008392334
2560,2021-04-30,23.6200008392334
2561,2021-05-03,23.43000030517578
2562,2021-05-04,22.889999389648438
2563,2021-05-05,23.829999923706055
2564,2021-05-06,23.5
2565,2021-05-07,24.3799991607666
2566,2021-05-10,24.700000762939453
2567,2021-05-11,25.149999618530273
2568,2021-05-12,24.780000686645508
2569,2021-05-13,24.989999771118164
2570,2021-05-14,26.299999237060547
2571,2021-05-17,26.65999984741211
2572,2021-05-18,26.350000381469727
2573,2021-05-19,26.149999618530273
2574,2021-05-20,25.93000030517578
2575,2021-05-21,25.950000762939453
2576,2021-05-24,26.389999389648438
2577,2021-05-25,25.84000015258789
2578,2021-05-26,26.09000015258789
2579,2021-05-27,25.90999984741211
2580,2021-05-28,26.989999771118164
2581,2021-05-31,26.8700008392334
2582,2021-06-01,27.290000915527344
2583,2021-06-02,27.8700008392334
2584,2021-06-04,28.5
2585,2021-06-07,28.290000915527344
2586,2021-06-08,28.65999984741211
2587,2021-06-09,28.65999984741211
2588,2021-06-10,28.68000030517578
2589,2021-06-11,28.56999969482422
2590,2021-06-14,28.75
2591,2021-06-15,29.030000686645508
2592,2021-06-16,29.139999389648438
2593,2021-06-17,28.1299991607666
2594,2021-06-18,28.31999969482422
2595,2021-06-21,28.950000762939453
2596,2021-06-22,29.100000381469727
2597,2021-06-23,29.299999237060547
2598,2021-06-24,29.649999618530273
2599,2021-06-25,29.100000381469727
2600,2021-06-28,29.049999237060547
2601,2021-06-29,29.18000030517578
2602,2021-06-30,29.43000030517578
2603,2021-07-01,29.059999465942383
2604,2021-07-02,29.18000030517578
2605,2021-07-05,28.850000381469727
2606,2021-07-06,27.670000076293945
2607,2021-07-07,28.049999237060547
2608,2021-07-08,27.489999771118164
2609,2021-07-12,27.729999542236328
2610,2021-07-13,27.899999618530273
2611,2021-07-14,27.670000076293945
2612,2021-07-15,27.079999923706055
2613,2021-07-16,26.68000030517578
2614,2021-07-19,26.239999771118164
2615,2021-07-20,26.59000015258789
2616,2021-07-21,26.959999084472656
2617,2021-07-22,26.899999618530273
2618,2021-07-23,26.739999771118164
2619,2021-07-26,27.469999313354492
2620,2021-07-27,27.149999618530273
2621,2021-07-28,27.709999084472656
2622,2021-07-29,27.809999465942383
2623,2021-07-30,26.90999984741211
2624,2021-08-02,26.40999984741211
2625,2021-08-03,26.850000381469727
2626,2021-08-04,26.280000686645508
2627,2021-08-05,28.350000381469727
2628,2021-08-06,28.389999389648438
2629,2021-08-09,28.190000534057617
2630,2021-08-10,28.280000686645508
2631,2021-08-11,28.670000076293945
2632,2021-08-12,29.100000381469727
2633,2021-08-13,29.350000381469727
2634,2021-08-16,28.639999389648438
2635,2021-08-17,27.030000686645508
2636,2021-08-18,26.790000915527344
2637,2021-08-19,26.639999389648438
2638,2021-08-20,26.600000381469727
2639,2021-08-23,27.020000457763672
2640,2021-08-24,27.579999923706055
2641,2021-08-25,27.729999542236328
2642,2021-08-26,27.489999771118164
2643,2021-08-27,28.489999771118164
2644,2021-08-30,28.299999237060547
2645,2021-08-31,27.190000534057617
2646,2021-09-01,27.040000915527344
2647,2021-09-02,26.600000381469727
2648,2021-09-03,26.329999923706055
2649,2021-09-06,26.459999084472656
2650,2021-09-08,24.969999313354492
2651,2021-09-09,25.5
2652,2021-09-10,25.34000015258789
2653,2021-09-13,26.229999542236328
2654,2021-09-14,25.8799991607666
2655,2021-09-15,26.329999923706055
2656,2021-09-16,26.100000381469727
2657,2021-09-17,24.93000030517578
2658,2021-09-20,24.649999618530273
2659,2021-09-21,25.209999084472656
2660,2021-09-22,25.850000381469727
2661,2021-09-23,26.84000015258789
2662,2021-09-24,26.899999618530273
2663,2021-09-27,27.139999389648438
2664,2021-09-28,26.959999084472656
2665,2021-09-29,27.389999389648438
2666,2021-09-30,27.229999542236328
2667,2021-10-01,28.0
2668,2021-10-04,28.790000915527344
2669,2021-10-05,29.420000076293945
2670,2021-10-06,28.639999389648438
2671,2021-10-07,28.600000381469727
2672,2021-10-08,29.1200008392334
2673,2021-10-11,29.31999969482422
2674,2021-10-13,29.6299991607666
2675,2021-10-14,29.68000030517578
2676,2021-10-15,29.600000381469727
2677,2021-10-18,29.450000762939453
2678,2021-10-19,28.010000228881836
2679,2021-10-20,28.5
2680,2021-10-21,27.450000762939453
2681,2021-10-22,27.18000030517578
2682,2021-10-25,29.040000915527344
2683,2021-10-26,28.760000228881836
2684,2021-10-27,28.690000534057617
2685,2021-10-28,28.959999084472656
2686,2021-10-29,27.149999618530273
2687,2021-11-01,28.0
2688,2021-11-03,26.850000381469727
2689,2021-11-04,26.0
2690,2021-11-05,25.850000381469727
2691,2021-11-08,26.1200008392334
2692,2021-11-09,26.639999389648438
2693,2021-11-10,26.43000030517578
2694,2021-11-11,26.450000762939453
2695,2021-11-12,26.989999771118164
2696,2021-11-16,27.270000457763672
2697,2021-11-17,26.579999923706055
2698,2021-11-18,26.540000915527344
2699,2021-11-19,26.100000381469727
2700,2021-11-22,26.360000610351562
2701,2021-11-23,27.799999237060547
2702,2021-11-24,28.3700008392334
2703,2021-11-25,29.6200008392334
2704,2021-11-26,28.469999313354492
2705,2021-11-29,29.469999313354492
2706,2021-11-30,29.43000030517578
2707,2021-12-01,29.600000381469727
2708,2021-12-02,28.360000610351562
2709,2021-12-03,28.760000228881836
2710,2021-12-06,28.889999389648438
2711,2021-12-07,29.360000610351562
2712,2021-12-08,29.350000381469727
2713,2021-12-09,29.290000915527344
2714,2021-12-10,29.649999618530273
2715,2021-12-13,29.469999313354492
2716,2021-12-14,29.1200008392334
2717,2021-12-15,29.299999237060547
2718,2021-12-16,29.690000534057617
2719,2021-12-17,28.989999771118164
2720,2021-12-20,28.15999984741211
2721,2021-12-21,28.200000762939453
2722,2021-12-22,28.15999984741211
2723,2021-12-23,28.329999923706055
2724,2021-12-27,28.75
2725,2021-12-28,28.780000686645508
2726,2021-12-29,28.540000915527344
2727,2021-12-30,28.450000762939453
2728,2022-01-03,29.09000015258789
2729,2022-01-04,29.200000762939453
2730,2022-01-05,28.06999969482422
2731,2022-01-06,28.049999237060547
2732,2022-01-07,28.18000030517578
2733,2022-01-10,28.010000228881836
2734,2022-01-11,28.84000015258789
2735,2022-01-12,29.719999313354492
2736,2022-01-13,30.31999969482422
2737,2022-01-14,31.450000762939453
2738,2022-01-17,31.5
2739,2022-01-18,31.639999389648438
2740,2022-01-19,31.489999771118164
2741,2022-01-20,31.719999313354492
2742,2022-01-21,31.770000457763672
2743,2022-01-24,31.950000762939453
2744,2022-01-25,32.9900016784668
2745,2022-01-26,33.869998931884766
2746,2022-01-27,33.880001068115234
2747,2022-01-28,32.540000915527344
